Date,Open,Close,Low,High,Volume
2015-01-01,1968.95,1974.4,1956.9,1982.0,500691
2015-01-02,1972.0,2013.2,1972.0,2019.05,1694580
2015-01-05,2009.9,1995.9,1977.5,2030.0,2484256
2015-01-06,1980.0,1954.2,1934.1,1985.0,2416829
2015-01-07,1965.0,1963.55,1950.0,1974.75,1812479
2015-01-08,1985.6,1973.45,1950.0,1997.0,3391230
2015-01-09,1980.1,2074.45,1913.05,2109.0,11215832
2015-01-12,2092.0,2115.95,2075.0,2119.2,3189722
2015-01-13,2107.8,2088.9,2075.0,2107.8,2200309
2015-01-14,2098.5,2128.65,2092.6,2133.0,2480315
2015-01-15,2135.2,2134.25,2112.25,2152.8,2085613
2015-01-16,2148.0,2118.3,2112.0,2160.0,1672740
2015-01-19,2120.0,2102.5,2094.6,2132.35,1021936
2015-01-20,2107.0,2124.2,2101.45,2133.0,1701126
2015-01-21,2131.5,2169.9,2118.0,2175.95,2123727
2015-01-22,2174.8,2196.45,2161.3,2203.0,2489599
2015-01-23,2200.0,2215.05,2165.1,2225.0,2371582
2015-01-27,2221.0,2136.5,2130.1,2221.0,3434992
2015-01-28,2150.0,2144.55,2130.3,2154.8,3283589
2015-01-29,2145.0,2145.5,2127.6,2149.9,3842356
2015-01-30,2161.5,2141.9,2126.95,2162.55,2708436
2015-02-02,2141.5,2136.85,2126.05,2152.0,2175635
2015-02-03,2136.85,2120.9,2102.0,2139.95,1316489
2015-02-04,2139.9,2142.85,2126.4,2150.0,1290004
2015-02-05,2150.8,2193.8,2148.0,2220.0,2968984
2015-02-06,2205.0,2230.5,2188.5,2247.8,1863432
2015-02-09,2200.0,2248.9,2200.0,2254.0,1634217
2015-02-10,2243.0,2278.3,2241.0,2298.0,2129230
2015-02-11,2280.5,2284.85,2256.25,2293.2,1449243
2015-02-12,2283.0,2311.2,2273.0,2321.95,1571884
2015-02-13,2299.6,2296.1,2286.0,2326.7,1414379
2015-02-16,2280.3,2278.75,2265.25,2306.9,1561069
2015-02-18,2290.55,2296.5,2258.15,2304.95,2153441
2015-02-19,2294.0,2324.7,2292.05,2334.0,2418406
2015-02-20,2328.5,2283.1,2276.9,2336.0,1742907
2015-02-23,2300.0,2265.6,2248.1,2309.2,1272622
2015-02-24,2279.0,2272.8,2257.6,2295.95,1609419
2015-02-25,2288.9,2317.6,2280.0,2334.8,1511243
2015-02-26,2307.5,2258.1,2245.4,2309.0,1611444
2015-02-27,2274.9,2265.75,2251.5,2280.65,1950269
2015-02-28,2274.75,2296.45,2256.2,2307.9,799334
2015-03-02,2303.0,2291.7,2278.05,2308.5,1760248
2015-03-03,2290.0,2297.85,2278.3,2302.95,1226388
2015-03-04,2300.0,2274.65,2251.9,2313.9,1093807
2015-03-05,2267.05,2247.6,2233.35,2298.75,1421229
2015-03-09,2259.0,2190.05,2179.0,2259.0,1996180
2015-03-10,2198.1,2198.0,2160.2,2206.95,1582479
2015-03-11,2194.1,2182.2,2169.1,2240.0,1695228
2015-03-12,2179.0,2218.3,2177.0,2226.45,1422141
2015-03-13,2225.0,2220.4,2192.4,2230.0,1544921
2015-03-16,2210.55,2266.65,2210.55,2282.0,1704658
2015-03-17,2266.65,2240.5,2217.25,2279.5,1384828
2015-03-18,2254.5,2229.5,2222.55,2262.85,1226391
2015-03-19,2234.6,2230.45,2222.75,2249.0,1722935
2015-03-20,2241.0,2257.45,2232.95,2268.9,1607724
2015-03-23,2253.0,2233.45,2225.5,2275.0,1269675
2015-03-24,2234.9,2211.45,2206.0,2253.4,1684133
2015-03-25,2222.9,2219.1,2200.75,2229.15,1542742
2015-03-26,2208.0,2146.35,2132.0,2214.9,3935210
2015-03-27,2164.0,2202.15,2163.0,2224.7,2518555
2015-03-30,2205.6,2228.0,2194.9,2240.0,1155772
2015-03-31,2245.0,2218.35,2204.35,2273.65,2004103
2015-04-01,2198.9,2173.95,2157.7,2199.5,1684622
2015-04-06,2179.0,2178.2,2160.4,2184.7,1935438
2015-04-07,2175.0,2159.5,2138.0,2182.8,2135567
2015-04-08,2182.5,2200.55,2173.05,2204.9,2546394
2015-04-09,2211.4,2215.0,2184.4,2218.9,2645387
2015-04-10,2210.2,2233.95,2210.2,2238.0,1780944
2015-04-13,2238.0,2238.8,2216.1,2244.0,1218084
2015-04-15,2236.5,2213.7,2195.05,2245.0,1559446
2015-04-16,2222.0,2194.65,2160.5,2231.0,2251953
2015-04-17,2180.05,2179.25,2153.45,2194.95,1612579
2015-04-20,2176.0,2132.15,2115.15,2180.0,3206346
2015-04-21,2148.0,2142.6,2120.1,2155.1,2220412
2015-04-22,2151.05,2137.7,2097.95,2155.0,3087746
2015-04-23,2148.7,2122.0,2112.0,2150.0,2972950
2015-04-24,2135.9,1995.2,1980.0,2150.2,10891363
2015-04-27,2000.0,1984.65,1948.1,2002.0,4955660
2015-04-28,1982.0,1960.9,1952.0,1982.0,2598375
2015-04-29,1960.9,1961.15,1937.95,1972.0,2072264
2015-04-30,1960.0,1942.25,1932.3,1965.0,3283565
2015-05-04,1959.5,1993.1,1949.9,2000.0,3340398
2015-05-05,2000.0,1962.75,1952.05,2003.7,2352129
2015-05-06,1975.0,1922.05,1915.3,1975.0,2627102
2015-05-07,1922.0,1944.0,1910.0,1967.1,1694996
2015-05-08,1958.0,1957.95,1945.25,1967.55,1444419
2015-05-11,1965.0,1993.65,1952.2,2000.0,1196378
2015-05-12,1993.65,1947.1,1942.0,1994.6,2071223
2015-05-13,1951.75,1956.7,1928.5,1964.9,1774771
2015-05-14,1960.0,1934.8,1908.0,1960.8,1558461
2015-05-15,1935.0,1961.75,1932.3,1966.6,1297336
2015-05-18,1970.0,1993.05,1961.6,1998.9,1617494
2015-05-19,1987.3,2022.35,1986.0,2035.7,2568019
2015-05-20,2040.0,2047.3,2033.6,2052.0,1470547
2015-05-21,2048.9,2048.45,2037.25,2061.9,2514828
2015-05-22,2044.0,2046.45,2030.1,2051.55,1722206
2015-05-25,2050.5,2016.8,2007.05,2056.55,1168952
2015-05-26,2020.0,2007.3,2002.15,2031.45,991260
2015-05-27,2007.0,1968.5,1955.0,2009.0,2113677
2015-05-28,1975.2,2016.6,1975.2,2032.0,2745135
2015-05-29,2004.85,2023.15,2001.0,2056.45,4748261
2015-06-01,2032.8,2047.8,2023.25,2064.0,1431223
2015-06-02,2048.1,2008.65,2005.0,2055.1,1168285
2015-06-03,2018.2,2020.9,2008.0,2039.45,1373949
2015-06-04,2030.0,2028.05,2012.6,2055.0,1872366
2015-06-05,2030.0,2011.65,2008.15,2044.0,1531447
2015-06-08,2020.0,2000.05,1987.0,2024.65,1535262
2015-06-09,2003.75,1992.1,1983.0,2007.65,1890435
2015-06-10,1990.0,2026.5,1985.0,2039.35,1596460
2015-06-11,2035.95,1997.65,1995.05,2044.75,2307366
2015-06-12,2005.0,1975.05,1955.5,2025.55,2463231
2015-06-15,976.95,990.45,968.0,998.8,2618213
2015-06-16,994.35,999.35,985.0,1003.0,2611722
2015-06-17,1011.0,995.7,992.2,1021.0,3206034
2015-06-18,1005.6,1001.95,995.8,1007.95,1737213
2015-06-19,1010.3,995.35,993.1,1010.4,3335229
2015-06-22,1004.9,1023.85,997.0,1028.75,2855434
2015-06-23,1025.0,1000.4,998.15,1027.4,3476058
2015-06-24,1015.0,995.1,991.2,1015.0,3536847
2015-06-25,999.2,990.45,987.65,1003.5,3558733
2015-06-26,999.0,1005.25,998.1,1011.6,2660142
2015-06-29,987.0,990.15,982.5,999.5,2845334
2015-06-30,990.0,984.35,980.0,993.45,3106265
2015-07-01,989.0,997.4,986.0,1005.0,3440426
2015-07-02,999.0,988.0,985.05,1001.4,2003784
2015-07-03,988.0,990.3,982.0,993.0,1347653
2015-07-06,985.0,983.3,975.0,988.0,2152801
2015-07-07,985.0,980.5,979.0,990.0,1748709
2015-07-08,979.0,957.5,954.8,979.0,3512089
2015-07-09,957.5,938.0,934.05,966.0,4293886
2015-07-10,948.1,937.5,932.65,952.1,3705761
2015-07-13,941.0,950.15,934.05,955.0,3265884
2015-07-14,955.0,971.25,945.5,973.5,2683537
2015-07-15,970.0,984.0,968.0,985.95,2064783
2015-07-16,987.7,989.05,979.5,991.5,1736469
2015-07-17,991.0,1001.85,989.1,1004.5,1723989
2015-07-20,1001.4,1001.25,987.4,1010.8,2188590
2015-07-21,1035.0,1112.65,1035.0,1149.0,19155056
2015-07-22,1105.0,1103.15,1076.65,1112.0,6332830
2015-07-23,1103.95,1098.0,1090.0,1117.0,3855374
2015-07-24,1095.55,1087.6,1083.1,1106.45,2240151
2015-07-27,1086.9,1065.3,1060.45,1087.95,3376122
2015-07-28,1068.5,1062.85,1054.25,1076.0,4238301
2015-07-29,1074.0,1085.4,1065.0,1092.0,3535667
2015-07-30,1090.0,1070.0,1058.0,1090.0,5978299
2015-07-31,1078.55,1077.05,1060.0,1081.35,3965506
2015-08-03,1078.0,1078.95,1068.95,1092.0,3980506
2015-08-04,1078.0,1057.25,1051.0,1078.95,4549527
2015-08-05,1062.0,1086.35,1061.95,1090.0,2376738
2015-08-06,1094.0,1086.95,1077.0,1105.5,3619126
2015-08-07,1079.5,1095.6,1078.5,1101.0,2494029
2015-08-10,1098.0,1086.0,1067.0,1106.35,1996377
2015-08-11,1098.8,1109.15,1095.7,1116.9,3787203
2015-08-12,1115.0,1144.4,1111.0,1149.0,5084220
2015-08-13,1147.0,1158.0,1055.55,1166.85,4893980
2015-08-14,1165.0,1149.25,1143.1,1168.7,2554533
2015-08-17,1150.0,1142.15,1122.5,1153.45,1553718
2015-08-18,1150.0,1164.35,1150.0,1177.7,2075223
2015-08-19,1170.0,1175.55,1162.8,1186.2,3434759
2015-08-20,1159.0,1134.55,1128.0,1168.5,4184557
2015-08-21,1140.9,1149.9,1117.5,1160.95,5411071
2015-08-24,1109.95,1092.05,1078.6,1123.0,7061342
2015-08-25,1100.0,1085.65,1044.5,1119.0,6867539
2015-08-26,1089.8,1064.6,1059.0,1097.0,5749106
2015-08-27,1088.0,1082.8,1078.05,1100.1,7671696
2015-08-28,1101.6,1111.05,1101.6,1124.9,3604410
2015-08-31,1134.85,1094.4,1082.5,1134.85,4958532
2015-09-01,1090.0,1089.0,1082.0,1114.6,4535775
2015-09-02,1098.0,1099.45,1090.0,1115.0,5585915
2015-09-03,1110.15,1099.35,1092.5,1112.0,4295268
2015-09-04,1103.0,1073.95,1067.0,1111.0,3659444
2015-09-07,1084.95,1058.75,1055.0,1085.0,2590494
2015-09-08,1062.0,1058.8,1052.3,1074.0,2729748
2015-09-09,1087.1,1088.7,1072.0,1099.6,4574332
2015-09-10,1084.9,1080.45,1061.0,1091.5,4181502
2015-09-11,1091.55,1090.75,1085.5,1106.4,4941905
2015-09-14,1099.0,1099.75,1082.65,1104.0,3278538
2015-09-15,1099.4,1099.2,1088.15,1103.2,2645943
2015-09-16,1108.0,1101.65,1098.3,1109.75,3739120
2015-09-18,1111.8,1104.45,1099.05,1117.9,5788438
2015-09-21,1100.0,1104.65,1092.5,1108.85,2175617
2015-09-22,1115.0,1107.45,1101.1,1135.95,4813493
2015-09-23,1107.45,1116.25,1097.45,1126.35,2379127
2015-09-24,1113.5,1140.55,1110.0,1152.7,6699631
2015-09-28,1139.95,1105.55,1101.0,1142.85,4894232
2015-09-29,1102.0,1121.85,1097.5,1133.4,4349685
2015-09-30,1134.4,1161.95,1125.95,1168.95,4747846
2015-10-01,1169.9,1173.05,1160.0,1197.75,5432197
2015-10-05,1173.0,1181.75,1162.0,1189.35,3440880
2015-10-06,1187.05,1154.6,1148.1,1192.55,4355940
2015-10-07,1156.0,1133.2,1128.45,1168.75,4591244
2015-10-08,1136.4,1132.15,1126.05,1149.6,4540437
2015-10-09,1136.0,1167.4,1136.0,1172.9,5891069
2015-10-12,1199.0,1122.9,1109.0,1219.8,15202485
2015-10-13,1107.45,1099.4,1085.2,1111.0,7663431
2015-10-14,1091.45,1097.6,1087.2,1115.55,4432755
2015-10-15,1099.9,1097.35,1089.1,1104.35,4127833
2015-10-16,1099.0,1094.9,1090.0,1101.4,3209496
2015-10-19,1102.0,1111.95,1100.5,1116.0,3673747
2015-10-20,1113.0,1125.95,1110.6,1130.0,4394155
2015-10-21,1125.0,1138.4,1125.0,1146.85,3639049
2015-10-23,1141.8,1149.9,1125.1,1153.0,3016681
2015-10-26,1154.0,1152.15,1143.15,1158.5,1597971
2015-10-27,1150.0,1149.4,1144.1,1155.0,2631874
2015-10-28,1144.5,1153.2,1139.0,1158.0,2627736
2015-10-29,1153.1,1145.05,1136.05,1155.9,2943662
2015-10-30,1145.0,1135.45,1130.0,1145.0,2022338
2015-11-02,1130.0,1131.2,1114.1,1135.8,1772494
2015-11-03,1133.4,1145.5,1133.4,1150.45,1807341
2015-11-04,1150.1,1136.8,1132.3,1157.6,1602786
2015-11-05,1142.95,1122.9,1119.4,1145.0,1172653
2015-11-06,1123.0,1138.3,1122.9,1143.9,1513086
2015-11-09,1120.0,1134.6,1115.2,1140.0,3062838
2015-11-10,1127.5,1103.85,1100.1,1127.5,2340026
2015-11-11,1118.0,1107.6,1103.0,1118.0,353652
2015-11-13,1099.95,1100.8,1090.0,1106.0,1760434
2015-11-16,1083.65,1080.2,1067.2,1094.0,3404167
2015-11-17,1080.0,1061.5,1052.0,1082.9,3592053
2015-11-18,1041.0,1020.0,1011.25,1045.15,5062626
2015-11-19,1030.25,1047.8,1023.8,1052.0,4269811
2015-11-20,1048.0,1052.4,1042.05,1063.2,3041489
2015-11-23,1050.0,1053.7,1038.0,1062.4,2808175
2015-11-24,1050.0,1041.15,1037.0,1050.8,2162901
2015-11-26,1040.95,1052.4,1040.05,1059.5,4926984
2015-11-27,1058.0,1066.35,1045.0,1070.0,2571239
2015-11-30,1070.0,1087.9,1056.2,1098.3,9052767
2015-12-01,1088.0,1079.0,1072.95,1095.0,2949275
2015-12-02,1079.95,1060.7,1059.0,1079.95,3198808
2015-12-03,1061.0,1057.75,1049.05,1064.8,2752363
2015-12-04,1049.0,1049.05,1040.1,1064.9,4187765
2015-12-07,1055.3,1046.25,1040.0,1059.0,2256935
2015-12-08,1045.05,1044.4,1039.3,1062.75,2862186
2015-12-09,1043.0,1028.2,1022.55,1046.95,3409127
2015-12-10,1036.6,1047.35,1030.3,1051.6,2793873
2015-12-11,1054.0,1052.8,1045.9,1061.9,2695099
2015-12-14,1049.5,1069.5,1048.05,1073.15,2408336
2015-12-15,1073.25,1077.55,1058.8,1079.1,2715904
2015-12-16,1083.4,1095.85,1083.4,1098.0,2747926
2015-12-17,1100.0,1107.1,1088.0,1109.8,2479391
2015-12-18,1103.4,1083.15,1079.45,1103.4,3609910
2015-12-21,1077.0,1103.45,1065.95,1107.4,2165506
2015-12-22,1097.45,1083.75,1080.1,1097.45,2054627
2015-12-23,1095.05,1100.85,1087.05,1102.5,1435464
2015-12-24,1102.05,1096.35,1090.1,1104.45,615027
2015-12-28,1090.0,1104.75,1090.0,1110.0,2763476
2015-12-29,1101.25,1104.7,1097.3,1110.0,1672531
2015-12-30,1101.1,1086.3,1083.0,1106.6,2576985
2015-12-31,1090.15,1105.4,1087.0,1109.95,3971969
2016-01-01,1100.0,1105.25,1093.2,1108.95,903275
2016-01-04,1099.95,1078.9,1076.05,1102.45,1987681
2016-01-05,1085.5,1074.05,1062.25,1085.5,2474893
2016-01-06,1074.65,1069.35,1058.9,1074.65,2794164
2016-01-07,1060.05,1050.8,1047.9,1067.9,2647044
2016-01-08,1061.5,1063.3,1055.5,1067.4,1578358
2016-01-11,1056.3,1055.7,1052.1,1069.95,2680311
2016-01-12,1062.0,1049.95,1030.85,1062.95,3282606
2016-01-13,1057.0,1083.4,1048.1,1091.0,4375647
2016-01-14,1066.0,1133.0,1054.35,1155.0,15113503
2016-01-15,1148.0,1139.9,1137.55,1164.0,6518307
2016-01-18,1139.9,1131.9,1128.35,1162.1,5033306
2016-01-19,1135.0,1139.65,1128.55,1158.95,3750218
2016-01-20,1134.0,1121.25,1117.0,1160.0,3753999
2016-01-21,1135.0,1137.05,1122.0,1142.5,3371500
2016-01-22,1148.1,1136.25,1131.0,1152.5,3218009
2016-01-25,1140.25,1137.65,1124.55,1146.85,2289631
2016-01-27,1146.45,1138.5,1135.0,1149.6,3485981
2016-01-28,1136.0,1129.6,1126.2,1142.6,3894299
2016-01-29,1138.0,1164.9,1131.6,1170.0,5116054
2016-02-01,1170.0,1173.35,1161.6,1179.9,2125563
2016-02-02,1176.85,1175.55,1164.0,1190.0,3816351
2016-02-03,1167.8,1157.7,1152.75,1175.9,2622983
2016-02-04,1160.05,1179.75,1160.05,1194.95,2774673
2016-02-05,1175.5,1174.7,1171.85,1186.65,1992112
2016-02-08,1163.75,1150.8,1143.8,1172.2,2110522
2016-02-09,1128.3,1107.65,1093.5,1128.3,3789786
2016-02-10,1108.0,1108.55,1105.0,1127.5,2933027
2016-02-11,1111.0,1078.65,1071.15,1113.0,2607189
2016-02-12,1094.7,1084.65,1067.0,1104.4,3704048
2016-02-15,1096.25,1091.75,1086.6,1100.2,2546739
2016-02-16,1087.0,1079.15,1073.7,1092.75,2562724
2016-02-17,1081.75,1097.85,1077.0,1103.0,2082299
2016-02-18,1100.0,1123.4,1100.0,1127.0,2094536
2016-02-19,1119.2,1127.25,1113.85,1134.2,1987009
2016-02-22,1131.0,1126.65,1114.05,1133.95,1928505
2016-02-23,1130.25,1123.9,1116.05,1132.5,1250980
2016-02-24,1119.5,1125.35,1118.35,1143.75,2475357
2016-02-25,1125.4,1110.3,1101.1,1130.6,2242264
2016-02-26,1120.15,1121.15,1116.0,1132.0,2117818
2016-02-29,1129.5,1084.05,1068.3,1130.4,4083038
2016-03-01,1094.8,1125.45,1094.8,1130.3,3193077
2016-03-02,1137.05,1156.0,1125.0,1163.5,3607449
2016-03-03,1168.0,1169.3,1154.0,1192.85,2907152
2016-03-04,1175.6,1170.65,1159.1,1185.0,2140840
2016-03-08,1163.0,1163.45,1147.4,1190.5,3808873
2016-03-09,1145.0,1178.5,1142.95,1183.75,3152891
2016-03-10,1162.9,1142.5,1139.35,1162.9,12190508
2016-03-11,1146.2,1143.0,1138.2,1155.95,2029274
2016-03-14,1146.0,1141.2,1138.5,1154.25,2087131
2016-03-15,1144.0,1134.4,1128.95,1154.5,3360129
2016-03-16,1141.9,1152.45,1131.55,1155.0,2794425
2016-03-17,1156.9,1161.75,1154.05,1169.75,3237311
2016-03-18,1162.8,1193.4,1162.0,1199.0,4238711
2016-03-21,1188.0,1194.9,1180.05,1199.0,2569196
2016-03-22,1191.25,1189.95,1172.0,1194.0,3548975
2016-03-23,1190.0,1207.8,1182.1,1210.7,3166588
2016-03-28,1232.4,1204.9,1195.75,1237.0,5393755
2016-03-29,1199.0,1197.25,1191.55,1218.9,3497678
2016-03-30,1197.6,1205.95,1195.55,1210.0,2878409
2016-03-31,1210.25,1218.3,1200.3,1229.9,8998160
2016-04-01,1216.0,1205.45,1195.1,1222.2,2755714
2016-04-04,1213.55,1243.7,1213.55,1248.0,2288527
2016-04-05,1242.0,1219.8,1214.0,1242.3,2395358
2016-04-06,1228.0,1200.7,1196.0,1228.0,2465677
2016-04-07,1208.4,1181.5,1175.0,1208.4,2828945
2016-04-08,1175.85,1165.75,1162.05,1177.5,2097789
2016-04-11,1165.8,1183.9,1151.1,1186.75,2884339
2016-04-12,1180.5,1182.2,1178.6,1194.9,2921069
2016-04-13,1194.95,1172.7,1166.35,1194.95,6255693
2016-04-18,1250.0,1238.7,1233.5,1267.9,12507995
2016-04-20,1244.0,1243.6,1225.8,1246.45,4036424
2016-04-21,1251.0,1226.3,1218.1,1251.0,2720550
2016-04-22,1226.3,1211.25,1207.0,1228.5,2571969
2016-04-25,1212.05,1215.85,1201.1,1224.8,2682067
2016-04-26,1215.45,1232.15,1208.6,1239.55,2923372
2016-04-27,1229.2,1240.15,1228.55,1242.35,2243104
2016-04-28,1231.0,1209.15,1207.0,1239.6,6082584
2016-04-29,1211.45,1208.1,1205.0,1223.55,2518205
2016-05-02,1210.0,1201.05,1196.15,1211.15,1807625
2016-05-03,1202.75,1177.8,1171.8,1212.2,3412405
2016-05-04,1181.0,1188.85,1170.65,1193.0,2906421
2016-05-05,1195.15,1192.45,1181.1,1199.0,3151334
2016-05-06,1189.8,1181.5,1177.05,1189.8,1298360
2016-05-09,1182.0,1199.05,1180.6,1201.55,2561839
2016-05-10,1202.5,1212.8,1196.6,1216.65,1697852
2016-05-11,1198.5,1201.85,1192.5,1214.7,1854944
2016-05-12,1203.9,1210.0,1196.8,1213.0,1703466
2016-05-13,1206.0,1207.25,1192.15,1210.0,2826032
2016-05-16,1210.2,1215.0,1205.0,1223.65,2266939
2016-05-17,1220.0,1214.25,1208.15,1225.75,1898147
2016-05-18,1199.0,1209.85,1197.9,1214.0,2128298
2016-05-19,1210.95,1205.75,1201.0,1216.15,1977200
2016-05-20,1205.0,1201.6,1200.0,1219.5,1997274
2016-05-23,1203.4,1188.0,1185.0,1205.15,2292973
2016-05-24,1191.05,1187.75,1177.6,1191.75,1742530
2016-05-25,1194.1,1208.65,1194.1,1213.1,1928698
2016-05-26,1210.1,1234.15,1210.1,1239.8,3068218
2016-05-27,1231.6,1247.5,1231.6,1259.5,3090382
2016-05-30,1241.5,1267.6,1241.5,1272.0,2642850
2016-05-31,1265.0,1248.65,1239.0,1266.75,6891019
2016-06-01,1246.05,1258.2,1246.0,1268.5,2420267
2016-06-02,1255.0,1261.55,1254.0,1274.9,2526776
2016-06-03,1260.05,1266.9,1260.05,1279.3,1999190
2016-06-06,1264.9,1266.75,1261.1,1277.0,2112884
2016-06-07,1267.0,1257.4,1255.1,1272.5,2846210
2016-06-08,1263.95,1238.1,1235.35,1263.95,4370685
2016-06-09,1226.25,1185.5,1180.05,1226.25,6370402
2016-06-10,1175.4,1180.6,1170.1,1190.0,3191978
2016-06-13,1176.8,1180.9,1166.0,1184.9,2643361
2016-06-14,1182.4,1175.0,1167.25,1182.4,1470364
2016-06-15,1183.7,1189.95,1179.05,1192.65,3355786
2016-06-16,1189.5,1186.0,1170.1,1189.5,2651282
2016-06-17,1189.0,1179.5,1175.1,1192.75,4257541
2016-06-20,1181.0,1208.75,1179.7,1211.8,3114783
2016-06-21,1211.2,1206.1,1195.65,1214.8,2380862
2016-06-22,1204.0,1199.5,1188.15,1211.95,1515629
2016-06-23,1197.3,1211.6,1193.35,1214.85,1914313
2016-06-24,1188.0,1194.55,1160.0,1199.0,3904174
2016-06-27,1172.05,1166.2,1160.0,1183.2,2791889
2016-06-28,1162.8,1159.15,1155.1,1172.5,3827987
2016-06-29,1169.0,1176.85,1160.2,1179.9,2729575
2016-06-30,1180.5,1170.8,1167.95,1184.5,4673112
2016-07-01,1180.0,1172.4,1170.1,1180.0,1995956
2016-07-04,1176.2,1183.95,1176.2,1194.6,2690661
2016-07-05,1185.0,1175.45,1171.05,1187.5,1798208
2016-07-07,1168.7,1157.25,1155.0,1171.0,2977438
2016-07-08,1163.0,1158.2,1153.5,1167.0,2775824
2016-07-11,1167.4,1175.05,1160.0,1178.7,3334441
2016-07-12,1180.0,1176.55,1168.0,1180.35,3098684
2016-07-13,1180.0,1193.8,1175.2,1195.8,2637710
2016-07-14,1195.0,1176.25,1164.0,1196.05,3706664
2016-07-15,1189.5,1072.55,1052.0,1189.9,30742063
2016-07-18,1077.25,1081.95,1055.15,1084.9,7166412
2016-07-19,1088.6,1086.95,1074.1,1090.0,5202322
2016-07-20,1070.0,1083.1,1070.0,1089.9,4911448
2016-07-21,1079.0,1079.9,1075.6,1087.2,4334001
2016-07-22,1070.0,1072.45,1066.7,1079.9,4693269
2016-07-25,1063.0,1080.85,1063.0,1083.25,4234776
2016-07-26,1070.35,1088.7,1070.35,1089.9,3594805
2016-07-27,1084.7,1085.35,1078.55,1096.5,3715910
2016-07-28,1085.4,1077.5,1074.05,1086.95,5629281
2016-07-29,1072.6,1073.85,1066.5,1076.75,4078392
2016-08-01,1071.5,1085.25,1068.35,1087.85,4548331
2016-08-02,1079.9,1083.8,1075.0,1085.0,3411251
2016-08-03,1085.65,1084.9,1070.3,1086.5,3606730
2016-08-04,1086.4,1071.8,1070.05,1086.9,2118639
2016-08-05,1072.0,1068.0,1060.0,1073.45,2804984
2016-08-08,1069.0,1078.7,1062.55,1081.0,2321532
2016-08-09,1077.0,1083.4,1071.5,1084.5,3596332
2016-08-10,1076.0,1082.35,1075.2,1087.9,2788227
2016-08-11,1081.7,1077.35,1075.25,1095.0,2519276
2016-08-12,1075.05,1062.55,1060.0,1078.8,3724964
2016-08-16,1042.0,1051.8,1028.0,1058.05,8214704
2016-08-17,1049.95,1033.3,1030.5,1052.65,3299658
2016-08-18,1036.5,1023.4,1021.5,1039.1,4217000
2016-08-19,1030.0,1021.3,1018.45,1039.0,2843008
2016-08-22,1018.0,1015.45,1009.1,1030.0,5126759
2016-08-23,1020.1,1039.65,1020.1,1042.0,3703069
2016-08-24,1047.0,1057.4,1047.0,1062.05,3064983
2016-08-25,1055.0,1036.15,1032.1,1057.6,2398281
2016-08-26,1036.0,1020.25,1017.05,1046.0,3440527
2016-08-29,1017.6,1022.8,1011.0,1030.0,2610141
2016-08-30,1032.45,1040.4,1025.0,1045.0,2187719
2016-08-31,1037.1,1035.85,1027.8,1045.75,5569907
2016-09-01,1038.0,1037.55,1032.0,1040.45,1438913
2016-09-02,1039.05,1031.85,1026.2,1040.0,1666296
2016-09-06,1038.25,1045.0,1035.6,1048.9,4107522
2016-09-07,1048.0,1054.35,1044.0,1059.0,3712735
2016-09-08,1045.0,1037.65,1024.0,1045.0,4546387
2016-09-09,1037.0,1035.5,1026.55,1041.0,2526719
2016-09-12,1025.25,1054.0,1025.25,1058.0,3101548
2016-09-14,1053.95,1045.6,1040.65,1057.8,2576209
2016-09-15,1045.6,1042.2,1035.35,1046.8,2350861
2016-09-16,1049.0,1060.15,1038.1,1064.5,4974692
2016-09-19,1046.0,1061.2,1041.35,1068.9,2904577
2016-09-20,1053.3,1050.15,1045.75,1057.15,2107002
2016-09-21,1054.0,1055.75,1051.05,1061.25,2115766
2016-09-22,1059.0,1058.8,1052.0,1061.0,1814757
2016-09-23,1057.0,1042.55,1040.0,1058.8,2602647
2016-09-26,1042.75,1035.9,1031.0,1044.0,3185899
2016-09-27,1035.05,1039.75,1033.35,1049.9,3262830
2016-09-28,1040.0,1038.95,1033.25,1042.3,2717354
2016-09-29,1044.95,1029.2,1024.0,1044.95,4451319
2016-09-30,1031.1,1036.05,1031.1,1043.9,3251177
2016-10-03,1035.5,1038.1,1026.1,1040.0,1828080
2016-10-04,1040.0,1049.2,1038.3,1051.4,2533293
2016-10-05,1049.2,1041.5,1037.0,1049.85,1153787
2016-10-06,1045.0,1027.4,1025.95,1045.0,1860941
2016-10-07,1029.95,1012.55,1010.1,1033.8,3144279
2016-10-10,1017.0,1029.95,1010.0,1031.75,2706585
2016-10-13,1021.4,1052.35,1021.4,1058.0,4889345
2016-10-14,1052.9,1027.15,996.25,1082.7,16730845
2016-10-17,1034.95,1022.4,1017.35,1041.8,4007429
2016-10-18,1030.0,1039.05,1027.3,1040.5,3194067
2016-10-19,1042.0,1041.8,1036.0,1045.7,1754918
2016-10-20,1044.75,1036.65,1033.8,1050.7,1767745
2016-10-21,1035.0,1038.3,1022.5,1041.0,1931810
2016-10-24,1037.5,1027.1,1025.5,1042.7,1451487
2016-10-25,1036.5,1017.2,1015.2,1038.9,2818007
2016-10-26,1017.0,1014.2,1009.3,1019.85,1387608
2016-10-27,1017.9,1003.5,1001.1,1017.95,3613895
2016-10-28,1005.2,997.5,993.15,1010.0,2920353
2016-10-30,1001.0,1002.1,999.8,1005.95,319036
2016-11-01,1006.8,989.45,986.4,1006.8,3166399
2016-11-02,984.8,981.05,980.0,987.5,2688597
2016-11-03,981.05,966.85,965.1,982.0,2612554
2016-11-04,967.0,971.0,961.0,979.2,3002774
2016-11-07,985.0,977.95,975.0,986.0,2268836
2016-11-08,986.9,982.6,970.6,987.75,2630554
2016-11-09,930.0,958.3,901.0,974.6,6382079
2016-11-10,962.5,939.4,935.0,962.5,3643665
2016-11-11,940.0,921.55,918.7,945.0,3548391
2016-11-15,924.0,923.55,908.55,939.95,4617925
2016-11-16,930.0,940.9,928.55,956.85,6111308
2016-11-17,934.25,929.8,926.4,949.0,2853365
2016-11-18,930.0,920.0,917.5,933.25,3020114
2016-11-21,926.9,911.1,906.95,926.9,3970284
2016-11-22,916.9,914.2,911.65,928.65,2741563
2016-11-23,922.1,920.25,912.45,922.9,4125893
2016-11-24,928.2,930.3,923.3,939.9,8390322
2016-11-25,930.45,977.5,930.45,985.0,6315690
2016-11-28,979.3,979.75,970.6,983.45,3682856
2016-11-29,978.8,972.6,967.1,984.7,3062753
2016-11-30,973.0,975.55,961.05,977.0,4250459
2016-12-01,976.0,975.6,967.0,983.55,2305795
2016-12-02,964.8,964.5,961.1,969.6,2226614
2016-12-05,965.9,961.65,958.0,968.6,1829788
2016-12-06,961.8,966.5,961.65,979.5,1781055
2016-12-07,968.0,966.4,960.2,973.0,1692990
2016-12-08,970.05,984.65,970.05,986.1,2970831
2016-12-09,985.0,989.35,981.5,1008.15,4324192
2016-12-12,982.8,977.35,965.2,982.8,2672510
2016-12-13,980.5,990.2,971.1,992.85,2427141
2016-12-14,991.0,999.75,984.1,1004.95,2691307
2016-12-15,997.4,992.35,989.0,1018.95,3983208
2016-12-16,1003.8,1005.15,997.75,1009.7,3218371
2016-12-19,1006.1,1004.65,994.1,1008.25,2062067
2016-12-20,1002.0,1012.15,1001.3,1019.0,3818249
2016-12-21,1016.0,1001.55,998.25,1022.0,3671988
2016-12-22,1002.5,984.7,969.5,1007.0,3530027
2016-12-23,984.9,988.45,973.6,1006.6,3653018
2016-12-26,988.0,982.75,975.1,994.0,1606914
2016-12-27,982.75,998.95,980.0,1001.9,2456408
2016-12-28,1002.95,998.5,995.0,1009.8,2738408
2016-12-29,1003.75,992.35,988.15,1008.0,3120062
2016-12-30,998.0,1010.6,992.75,1012.0,3633884
2015-01-01,2567.0,2545.55,2541.0,2567.0,183415
2015-01-02,2551.0,2579.45,2550.6,2590.95,462870
2015-01-05,2581.0,2540.25,2524.65,2599.9,877121
2015-01-06,2529.1,2446.6,2440.0,2529.1,1211892
2015-01-07,2470.0,2417.7,2407.45,2479.15,1318166
2015-01-08,2442.4,2443.8,2420.55,2449.0,782704
2015-01-09,2455.0,2512.3,2450.0,2519.9,1598821
2015-01-12,2517.0,2509.7,2480.25,2528.0,798003
2015-01-13,2520.0,2497.9,2480.1,2530.4,734216
2015-01-14,2516.0,2521.95,2500.5,2531.8,893548
2015-01-15,2533.0,2539.1,2523.25,2581.75,2504960
2015-01-16,2543.7,2532.15,2484.3,2545.0,2646915
2015-01-19,2536.0,2511.0,2503.0,2551.0,567537
2015-01-20,2520.0,2500.45,2483.25,2530.0,1029283
2015-01-21,2522.0,2513.8,2488.25,2522.0,1155240
2015-01-22,2516.5,2513.55,2495.5,2521.25,1056607
2015-01-23,2514.0,2503.6,2496.1,2532.05,1575190
2015-01-27,2512.35,2502.05,2489.55,2515.0,1369368
2015-01-28,2503.0,2539.6,2502.9,2544.9,1560990
2015-01-29,2538.0,2544.65,2512.9,2568.7,1867196
2015-01-30,2560.7,2482.05,2470.0,2575.0,2908701
2015-02-02,2482.0,2514.2,2462.05,2521.45,1590901
2015-02-03,2511.65,2558.25,2507.1,2565.0,1172527
2015-02-04,2568.0,2514.3,2502.1,2571.7,1122709
2015-02-05,2520.0,2552.4,2519.0,2591.7,2265084
2015-02-06,2553.0,2575.75,2550.85,2594.8,1068208
2015-02-09,2561.5,2512.9,2500.0,2569.1,1038216
2015-02-10,2510.0,2441.15,2433.0,2526.25,1899527
2015-02-11,2455.05,2459.9,2447.25,2487.25,1468761
2015-02-12,2479.8,2462.15,2447.0,2479.8,1553990
2015-02-13,2470.0,2538.75,2460.25,2547.75,2079163
2015-02-16,2560.0,2584.8,2555.0,2595.0,1182196
2015-02-18,2585.05,2635.65,2565.25,2643.0,1330007
2015-02-19,2636.0,2681.05,2635.0,2687.3,1309001
2015-02-20,2698.8,2675.55,2642.25,2698.8,900794
2015-02-23,2671.0,2696.65,2671.0,2722.0,807446
2015-02-24,2694.0,2704.75,2679.0,2730.0,1099961
2015-02-25,2710.0,2672.2,2667.85,2722.0,883997
2015-02-26,2679.0,2656.45,2625.35,2692.75,995997
2015-02-27,2659.45,2662.35,2616.3,2675.75,1438688
2015-02-28,2677.0,2675.25,2643.0,2687.1,589498
2015-03-02,2679.7,2669.4,2652.55,2708.95,1088019
2015-03-03,2682.0,2776.0,2676.15,2790.0,1712154
2015-03-04,2788.0,2746.0,2715.65,2812.1,1931497
2015-03-05,2750.0,2696.45,2681.05,2770.7,1086757
2015-03-09,2640.0,2646.8,2610.0,2679.8,1441587
2015-03-10,2648.9,2642.7,2595.25,2678.25,1518526
2015-03-11,2642.0,2606.55,2597.8,2659.95,1120100
2015-03-12,2623.9,2619.05,2590.1,2624.9,913818
2015-03-13,2638.0,2582.35,2575.0,2639.95,793419
2015-03-16,2585.2,2562.3,2552.0,2610.0,778148
2015-03-17,2582.5,2583.7,2557.75,2606.7,633659
2015-03-18,2590.95,2559.35,2551.7,2599.45,627585
2015-03-19,2576.0,2596.25,2568.1,2605.85,1224482
2015-03-20,2596.0,2610.95,2578.85,2618.0,981954
2015-03-23,2616.0,2617.15,2606.0,2631.0,783304
2015-03-24,2630.0,2591.3,2582.1,2637.0,1197439
2015-03-25,2591.4,2573.75,2545.2,2614.0,1112429
2015-03-26,2553.3,2513.1,2501.0,2586.7,1545821
2015-03-27,2531.0,2514.8,2504.1,2571.9,1375888
2015-03-30,2525.0,2564.15,2520.0,2569.9,669503
2015-03-31,2569.45,2553.95,2521.0,2569.45,1213514
2015-04-01,2558.0,2542.65,2522.25,2563.6,1037879
2015-04-06,2558.0,2547.3,2500.1,2562.9,784271
2015-04-07,2562.45,2585.0,2544.0,2599.0,943461
2015-04-08,2594.0,2641.4,2590.85,2656.5,826067
2015-04-09,2659.0,2664.55,2635.15,2687.45,1272225
2015-04-10,2648.5,2653.75,2628.0,2670.8,907772
2015-04-13,2664.0,2655.5,2628.0,2665.0,654321
2015-04-15,2654.7,2627.75,2609.4,2713.9,1456967
2015-04-16,2626.95,2582.8,2571.35,2627.0,1608785
2015-04-17,2557.1,2474.85,2470.0,2560.0,4834371
2015-04-20,2480.05,2428.8,2424.85,2483.9,1445361
2015-04-21,2428.8,2427.05,2401.0,2452.0,1273016
2015-04-22,2431.5,2445.1,2407.55,2473.0,2093406
2015-04-23,2472.0,2457.25,2431.7,2479.8,2171495
2015-04-24,2455.3,2493.05,2447.55,2514.0,1812579
2015-04-27,2499.5,2500.2,2486.0,2520.0,1366526
2015-04-28,2510.0,2495.0,2455.1,2510.0,1544149
2015-04-29,2484.0,2487.3,2451.05,2495.0,1009810
2015-04-30,2480.0,2463.7,2427.1,2490.0,1869027
2015-05-04,2491.0,2481.55,2457.2,2504.8,945315
2015-05-05,2501.0,2517.85,2500.0,2536.45,1627535
2015-05-06,2515.0,2463.05,2455.8,2515.0,1697203
2015-05-07,2464.9,2545.25,2453.7,2553.75,1602514
2015-05-08,2560.0,2527.25,2516.3,2588.0,1501832
2015-05-11,2535.0,2556.0,2525.0,2563.05,1286541
2015-05-12,2560.0,2522.9,2513.0,2565.0,1233693
2015-05-13,2547.0,2515.4,2480.45,2547.0,931887
2015-05-14,2520.0,2499.25,2485.0,2520.0,654525
2015-05-15,2515.0,2511.15,2501.0,2532.4,730727
2015-05-18,2514.1,2520.4,2497.1,2525.25,2253876
2015-05-19,2519.4,2512.7,2496.75,2530.0,978861
2015-05-20,2520.0,2557.05,2516.9,2569.9,948907
2015-05-21,2557.0,2555.5,2548.15,2580.0,789789
2015-05-22,2550.0,2617.9,2539.25,2628.75,1345816
2015-05-25,2620.0,2601.0,2585.7,2636.9,491489
2015-05-26,2605.0,2608.85,2588.9,2623.25,980870
2015-05-27,2608.0,2615.25,2592.0,2633.15,810345
2015-05-28,2603.9,2609.5,2582.25,2623.0,1381804
2015-05-29,2617.0,2610.3,2597.25,2648.6,2211766
2015-06-01,2609.45,2617.75,2608.35,2647.1,441132
2015-06-02,2616.0,2599.9,2590.5,2630.0,1967910
2015-06-03,2604.0,2610.9,2590.5,2625.6,902342
2015-06-04,2617.1,2605.65,2588.5,2622.8,2065734
2015-06-05,2592.0,2575.85,2570.0,2609.0,1154267
2015-06-08,2590.0,2577.45,2561.65,2590.0,785160
2015-06-09,2585.0,2561.65,2551.0,2590.0,1289457
2015-06-10,2566.0,2600.75,2563.8,2610.0,1381675
2015-06-11,2605.5,2571.3,2556.75,2613.0,923668
2015-06-12,2571.9,2505.8,2476.8,2588.95,1285728
2015-06-15,2505.3,2504.8,2481.0,2520.45,1262588
2015-06-16,2500.0,2512.0,2494.45,2519.3,633698
2015-06-17,2521.0,2513.8,2501.8,2529.15,987860
2015-06-18,2515.0,2530.05,2508.0,2546.3,1082523
2015-06-19,2535.0,2549.55,2527.1,2555.0,999805
2015-06-22,2547.0,2591.5,2547.0,2600.0,551001
2015-06-23,2600.0,2574.6,2567.2,2608.0,449159
2015-06-24,2580.0,2570.3,2558.85,2587.9,585123
2015-06-25,2562.0,2550.0,2544.15,2573.0,965496
2015-06-26,2550.2,2592.8,2550.2,2596.35,645051
2015-06-29,2572.0,2592.9,2543.4,2604.0,686378
2015-06-30,2585.0,2550.95,2540.0,2588.75,774976
2015-07-01,2563.9,2593.1,2556.75,2608.0,639854
2015-07-02,2600.0,2577.75,2571.05,2602.95,722940
2015-07-03,2573.05,2603.9,2570.0,2610.0,481735
2015-07-06,2580.3,2633.3,2580.3,2645.0,591169
2015-07-07,2632.75,2616.25,2603.0,2646.9,821418
2015-07-08,2597.95,2595.1,2580.5,2621.7,1333925
2015-07-09,2595.0,2522.5,2506.65,2598.25,1967061
2015-07-10,2559.0,2474.35,2455.0,2559.0,4131827
2015-07-13,2475.4,2509.55,2475.4,2518.6,1140154
2015-07-14,2511.0,2499.5,2490.0,2515.0,851637
2015-07-15,2501.0,2545.75,2500.0,2549.95,1001830
2015-07-16,2543.7,2540.2,2526.6,2558.85,728304
2015-07-17,2546.8,2564.4,2543.3,2570.1,535263
2015-07-20,2564.0,2579.15,2551.9,2583.9,426893
2015-07-21,2576.0,2561.4,2555.1,2600.35,637250
2015-07-22,2561.0,2528.05,2521.05,2569.0,660314
2015-07-23,2517.5,2488.6,2483.0,2537.85,748390
2015-07-24,2497.5,2505.15,2492.1,2516.5,787486
2015-07-27,2488.0,2497.05,2481.15,2505.0,1001869
2015-07-28,2499.5,2502.05,2492.15,2519.0,945594
2015-07-29,2511.0,2506.75,2483.5,2515.05,1206659
2015-07-30,2516.05,2480.65,2472.8,2516.8,1385287
2015-07-31,2489.9,2510.75,2487.0,2519.0,981888
2015-08-03,2503.4,2509.6,2500.9,2525.0,589662
2015-08-04,2510.4,2508.9,2486.0,2523.0,1171346
2015-08-05,2520.0,2547.15,2511.0,2550.0,494497
2015-08-06,2565.0,2573.3,2550.1,2583.0,1105683
2015-08-07,2573.0,2552.05,2547.0,2573.0,594253
2015-08-10,2572.0,2572.1,2556.6,2589.0,715591
2015-08-11,2578.0,2604.2,2542.1,2610.0,1100153
2015-08-12,2603.1,2671.7,2602.0,2691.4,1739892
2015-08-13,2670.0,2635.6,2556.0,2684.0,703213
2015-08-14,2638.0,2703.2,2637.1,2719.35,1146982
2015-08-17,2690.1,2684.75,2655.0,2696.8,386822
2015-08-18,2706.9,2740.9,2690.0,2749.9,958463
2015-08-19,2750.0,2733.6,2721.9,2752.85,845035
2015-08-20,2745.0,2686.85,2672.0,2745.0,1174649
2015-08-21,2712.0,2676.15,2655.1,2729.9,1768040
2015-08-24,2639.0,2578.65,2569.1,2645.0,2346172
2015-08-25,2587.9,2567.15,2535.5,2622.0,1962900
2015-08-26,2558.05,2576.75,2511.95,2639.0,1608079
2015-08-27,2614.9,2574.65,2545.8,2614.9,2632399
2015-08-28,2609.0,2570.85,2557.7,2609.0,1372076
2015-08-31,2590.0,2564.05,2531.05,2590.0,1846022
2015-09-01,2556.0,2537.4,2530.0,2611.2,1493801
2015-09-02,2559.7,2591.8,2548.0,2620.45,1882975
2015-09-03,2596.1,2605.6,2576.25,2615.0,1132537
2015-09-04,2611.4,2547.45,2539.15,2614.9,1213198
2015-09-07,2553.0,2539.75,2532.7,2559.95,879592
2015-09-08,2545.0,2540.3,2523.5,2564.1,893873
2015-09-09,2562.95,2549.75,2544.0,2574.0,1022538
2015-09-10,2542.0,2545.4,2527.0,2578.5,1332909
2015-09-11,2546.5,2552.0,2540.6,2568.4,796336
2015-09-14,2565.0,2551.65,2543.0,2565.0,794659
2015-09-15,2551.65,2547.6,2536.0,2558.9,689950
2015-09-16,2555.0,2550.35,2541.05,2565.0,878408
2015-09-18,2565.0,2551.25,2539.0,2586.0,1227647
2015-09-21,2550.0,2551.05,2533.2,2557.1,554420
2015-09-22,2557.5,2526.8,2490.0,2572.4,1040623
2015-09-23,2534.3,2532.65,2512.6,2557.75,614176
2015-09-24,2535.5,2580.4,2529.9,2590.0,1177127
2015-09-28,2594.0,2593.7,2579.5,2619.0,1183406
2015-09-29,2583.35,2588.25,2569.85,2634.0,1662976
2015-09-30,2643.7,2588.05,2570.95,2643.7,1684168
2015-10-01,2599.0,2644.6,2592.2,2649.95,1417204
2015-10-05,2652.7,2711.65,2652.7,2770.0,2403653
2015-10-06,2725.0,2700.0,2684.0,2726.0,1989795
2015-10-07,2693.95,2653.95,2646.95,2717.0,1032765
2015-10-08,2670.0,2633.8,2620.0,2678.35,1178775
2015-10-09,2650.5,2629.65,2608.0,2650.6,1124862
2015-10-12,2655.0,2592.6,2587.0,2660.35,1227956
2015-10-13,2602.8,2598.55,2567.6,2612.0,3089856
2015-10-14,2548.0,2483.7,2480.0,2548.0,4168564
2015-10-15,2490.0,2467.75,2465.0,2503.5,1607855
2015-10-16,2480.9,2473.75,2470.0,2492.0,1166914
2015-10-19,2490.0,2488.75,2455.85,2494.95,1565321
2015-10-20,2496.25,2526.75,2495.6,2530.0,1347542
2015-10-21,2535.0,2530.0,2522.25,2542.0,964844
2015-10-23,2548.0,2537.15,2527.3,2548.0,1167699
2015-10-26,2549.0,2536.55,2515.1,2549.0,707315
2015-10-27,2530.05,2531.1,2520.35,2544.9,765210
2015-10-28,2510.05,2529.1,2510.05,2533.55,627671
2015-10-29,2533.55,2495.35,2490.05,2535.4,1565158
2015-10-30,2500.0,2495.2,2485.0,2511.9,758348
2015-11-02,2500.0,2517.35,2487.55,2522.8,659647
2015-11-03,2528.0,2543.45,2518.5,2547.8,682453
2015-11-04,2545.0,2533.8,2520.0,2547.2,495717
2015-11-05,2530.8,2482.65,2480.0,2534.95,798049
2015-11-06,2492.0,2505.75,2483.45,2518.25,454012
2015-11-09,2495.0,2471.35,2468.6,2502.75,1010778
2015-11-10,2472.95,2458.15,2450.0,2477.0,680960
2015-11-11,2475.0,2468.8,2450.0,2475.0,67582
2015-11-13,2438.05,2397.4,2386.55,2438.05,1371616
2015-11-16,2390.0,2374.6,2356.0,2390.0,1021764
2015-11-17,2380.5,2390.55,2375.0,2398.45,992514
2015-11-18,2388.9,2351.45,2346.0,2388.9,760176
2015-11-19,2365.35,2362.55,2352.0,2381.6,933453
2015-11-20,2366.5,2398.35,2361.95,2423.55,1006063
2015-11-23,2405.3,2391.05,2382.25,2413.4,544041
2015-11-24,2380.05,2367.95,2365.5,2392.45,499320
2015-11-26,2377.9,2345.55,2337.85,2382.4,1457646
2015-11-27,2348.0,2353.35,2332.5,2359.45,868603
2015-11-30,2365.0,2364.7,2350.15,2391.25,2050024
2015-12-01,2362.9,2361.9,2357.05,2378.05,860997
2015-12-02,2378.0,2365.2,2346.5,2378.1,820148
2015-12-03,2360.0,2350.75,2347.0,2373.0,1141679
2015-12-04,2340.0,2328.4,2321.1,2347.3,623046
2015-12-07,2332.2,2319.8,2315.25,2343.9,691302
2015-12-08,2319.4,2329.0,2317.3,2349.0,569982
2015-12-09,2337.9,2367.65,2320.0,2372.8,2641403
2015-12-10,2369.0,2384.55,2352.0,2391.2,861994
2015-12-11,2383.0,2386.0,2363.25,2391.95,826189
2015-12-14,2335.2,2378.45,2330.6,2387.0,1359266
2015-12-15,2378.45,2375.85,2363.05,2385.0,567934
2015-12-16,2384.0,2408.4,2384.0,2414.5,717967
2015-12-17,2415.0,2439.75,2393.35,2445.0,809422
2015-12-18,2420.0,2416.8,2400.65,2434.2,1512485
2015-12-21,2419.95,2446.4,2406.85,2450.0,805052
2015-12-22,2440.0,2405.05,2400.0,2440.0,780429
2015-12-23,2415.0,2425.8,2410.55,2435.0,424917
2015-12-24,2421.0,2434.25,2404.0,2438.2,421580
2015-12-28,2428.0,2462.7,2420.2,2466.4,1852099
2015-12-29,2458.35,2455.8,2445.75,2465.3,854262
2015-12-30,2453.05,2418.3,2412.3,2459.0,802881
2015-12-31,2415.75,2436.85,2407.5,2448.5,620159
2016-01-01,2439.0,2416.4,2412.25,2439.0,356131
2016-01-04,2410.15,2369.6,2366.05,2414.0,935092
2016-01-05,2385.0,2348.95,2341.0,2386.6,1339010
2016-01-06,2350.2,2381.6,2350.2,2386.15,1326614
2016-01-07,2370.0,2371.25,2360.0,2382.9,1599790
2016-01-08,2385.0,2397.6,2372.5,2407.35,953772
2016-01-11,2382.5,2362.35,2348.85,2384.0,1465114
2016-01-12,2362.7,2327.05,2301.6,2365.0,1741297
2016-01-13,2317.0,2279.2,2255.1,2327.0,2373046
2016-01-14,2273.0,2278.8,2250.0,2298.9,1371026
2016-01-15,2288.85,2261.1,2255.0,2291.7,1634704
2016-01-18,2262.0,2277.65,2260.0,2291.9,1106961
2016-01-19,2277.0,2279.3,2268.3,2300.0,483955
2016-01-20,2273.8,2280.1,2243.0,2285.0,807977
2016-01-21,2285.0,2254.5,2245.75,2289.9,1337768
2016-01-22,2273.0,2295.75,2260.0,2302.05,671589
2016-01-25,2301.9,2304.65,2291.5,2339.0,698780
2016-01-27,2302.0,2319.75,2281.9,2329.95,813493
2016-01-28,2315.5,2331.2,2308.05,2348.9,1553330
2016-01-29,2358.7,2391.3,2335.05,2400.0,1117872
2016-02-01,2391.1,2402.7,2359.0,2412.95,747637
2016-02-02,2409.0,2398.1,2379.7,2433.0,737794
2016-02-03,2387.5,2416.3,2360.3,2429.9,654346
2016-02-04,2421.9,2420.05,2402.0,2440.0,625023
2016-02-05,2408.1,2421.95,2408.1,2439.95,701498
2016-02-08,2400.0,2362.95,2347.0,2412.05,531829
2016-02-09,2333.6,2281.4,2255.6,2333.6,1244805
2016-02-10,2275.0,2268.8,2258.1,2289.9,945366
2016-02-11,2280.0,2197.95,2171.65,2289.0,981204
2016-02-12,2200.0,2226.6,2164.0,2243.4,1086284
2016-02-15,2250.0,2269.15,2240.0,2306.85,1239856
2016-02-16,2266.0,2265.55,2243.0,2282.0,794351
2016-02-17,2265.0,2275.55,2246.4,2279.65,792589
2016-02-18,2285.0,2315.85,2278.0,2319.75,764570
2016-02-19,2307.35,2319.65,2305.45,2327.0,439506
2016-02-22,2320.25,2315.9,2305.0,2343.0,662442
2016-02-23,2310.25,2264.0,2256.75,2319.9,653426
2016-02-24,2262.45,2210.95,2201.2,2262.45,829664
2016-02-25,2219.8,2212.85,2185.65,2228.0,915278
2016-02-26,2229.7,2210.5,2199.6,2256.9,768768
2016-02-29,2237.0,2176.8,2115.0,2237.0,1095859
2016-03-01,2193.0,2276.65,2162.0,2285.1,999880
2016-03-02,2305.0,2318.85,2256.25,2330.0,763743
2016-03-03,2336.0,2373.15,2301.0,2391.0,1324142
2016-03-04,2380.0,2357.55,2349.55,2380.0,756483
2016-03-08,2342.1,2354.3,2304.2,2367.0,634076
2016-03-09,2341.0,2357.25,2295.15,2369.4,1008892
2016-03-10,2356.05,2348.3,2314.95,2359.85,830833
2016-03-11,2340.0,2365.25,2335.0,2390.85,765264
2016-03-14,2362.0,2355.0,2340.0,2398.0,818371
2016-03-15,2349.05,2329.9,2320.1,2363.5,811678
2016-03-16,2315.0,2327.05,2306.9,2332.0,959123
2016-03-17,2334.0,2352.05,2332.0,2361.8,1110544
2016-03-18,2360.0,2425.85,2360.0,2430.0,1602035
2016-03-21,2426.0,2446.25,2420.0,2454.95,1168491
2016-03-22,2442.0,2473.1,2436.5,2485.0,975992
2016-03-23,2487.9,2473.8,2457.3,2487.9,1139217
2016-03-28,2491.0,2473.4,2461.55,2517.15,1660441
2016-03-29,2478.0,2469.4,2455.0,2486.95,919398
2016-03-30,2470.9,2489.5,2460.0,2505.0,1068252
2016-03-31,2478.3,2520.3,2472.15,2550.0,2181982
2016-04-01,2505.0,2453.9,2434.1,2520.85,1520700
2016-04-04,2456.0,2471.25,2447.0,2488.0,876176
2016-04-05,2470.8,2462.75,2442.05,2484.9,745897
2016-04-06,2470.0,2481.9,2459.35,2489.0,881575
2016-04-07,2480.0,2470.8,2457.0,2484.7,1195471
2016-04-08,2466.0,2432.05,2427.0,2473.7,699750
2016-04-11,2433.0,2506.65,2413.0,2517.0,1200324
2016-04-12,2498.0,2518.15,2488.1,2525.0,651814
2016-04-13,2530.0,2526.2,2512.5,2545.0,800734
2016-04-18,2453.0,2519.75,2440.0,2553.5,3560752
2016-04-20,2534.9,2450.35,2440.0,2534.9,3202512
2016-04-21,2451.0,2424.4,2412.2,2467.4,1262862
2016-04-22,2419.0,2417.05,2404.2,2435.4,982063
2016-04-25,2402.3,2451.25,2402.3,2457.05,1133827
2016-04-26,2449.0,2489.8,2442.0,2493.5,1277184
2016-04-27,2480.0,2511.1,2475.9,2514.6,924335
2016-04-28,2501.3,2527.75,2498.1,2540.0,2496372
2016-04-29,2517.0,2535.5,2510.0,2542.0,1186089
2016-05-02,2529.0,2526.7,2500.0,2530.0,558346
2016-05-03,2525.0,2478.1,2472.0,2530.0,1076559
2016-05-04,2473.9,2478.0,2457.0,2494.05,682446
2016-05-05,2478.0,2470.3,2463.55,2489.95,623283
2016-05-06,2465.0,2473.4,2431.0,2484.3,442799
2016-05-09,2473.4,2512.55,2456.4,2518.0,910638
2016-05-10,2515.0,2522.9,2496.0,2533.95,579267
2016-05-11,2500.0,2518.3,2490.0,2525.6,799358
2016-05-12,2520.55,2566.2,2520.55,2569.9,756541
2016-05-13,2565.0,2523.4,2510.15,2566.0,810865
2016-05-16,2538.0,2551.15,2522.5,2564.8,555763
2016-05-17,2564.2,2570.2,2552.0,2591.25,878349
2016-05-18,2565.85,2551.1,2526.05,2565.85,750370
2016-05-19,2555.0,2556.95,2526.1,2560.0,519396
2016-05-20,2542.3,2529.3,2522.8,2565.8,615459
2016-05-23,2544.0,2491.45,2480.2,2545.9,766508
2016-05-24,2484.0,2467.7,2459.6,2488.25,669579
2016-05-25,2481.0,2526.45,2481.0,2532.95,774339
2016-05-26,2530.0,2548.7,2505.1,2564.9,971624
2016-05-27,2553.15,2572.65,2550.6,2579.85,552338
2016-05-30,2583.0,2636.4,2582.0,2641.95,674732
2016-05-31,2640.0,2569.4,2562.0,2647.0,1861304
2016-06-01,2571.2,2633.55,2571.0,2645.0,955971
2016-06-02,2600.0,2650.15,2600.0,2654.3,704378
2016-06-03,2651.4,2629.55,2620.5,2658.0,777461
2016-06-06,2620.5,2612.5,2603.2,2639.0,661013
2016-06-07,2614.0,2631.15,2613.0,2639.0,601097
2016-06-08,2617.25,2613.1,2605.5,2628.55,469133
2016-06-09,2622.4,2577.25,2555.2,2622.4,781069
2016-06-10,2566.0,2555.75,2553.2,2603.25,698416
2016-06-13,2540.0,2547.0,2518.0,2553.35,514989
2016-06-14,2558.95,2534.85,2518.25,2558.95,488785
2016-06-15,2530.0,2556.85,2522.0,2564.9,635422
2016-06-16,2545.55,2558.3,2516.45,2564.7,572535
2016-06-17,2559.0,2602.6,2559.0,2610.0,939494
2016-06-20,2602.6,2659.3,2591.8,2668.0,936419
2016-06-21,2663.5,2651.2,2641.4,2665.0,513845
2016-06-22,2650.0,2667.65,2631.75,2677.7,880856
2016-06-23,2655.0,2645.35,2625.3,2659.5,698507
2016-06-24,2565.15,2573.95,2514.15,2593.2,1883293
2016-06-27,2547.0,2495.85,2482.65,2547.0,2136283
2016-06-28,2495.85,2463.95,2458.4,2502.9,2249762
2016-06-29,2475.0,2502.9,2465.3,2512.5,1265632
2016-06-30,2522.0,2553.1,2500.35,2562.9,2560906
2016-07-01,2562.0,2500.85,2494.35,2564.6,1098648
2016-07-04,2516.0,2494.2,2482.0,2525.85,941742
2016-07-05,2494.2,2485.3,2477.15,2497.05,779874
2016-07-07,2487.7,2429.8,2425.0,2491.85,1658400
2016-07-08,2435.0,2426.6,2403.5,2442.05,1228178
2016-07-11,2430.0,2464.15,2427.0,2471.8,771816
2016-07-12,2471.7,2464.95,2435.85,2475.0,732768
2016-07-13,2478.0,2493.1,2451.25,2499.25,1051150
2016-07-14,2486.0,2521.9,2471.0,2529.0,1349994
2016-07-15,2517.0,2445.35,2426.55,2527.8,4168183
2016-07-18,2447.0,2433.45,2430.6,2469.0,1299425
2016-07-19,2427.5,2466.2,2427.5,2472.8,1181448
2016-07-20,2450.0,2494.95,2448.15,2502.5,1407626
2016-07-21,2489.5,2506.05,2464.45,2519.5,1263574
2016-07-22,2498.9,2515.1,2492.0,2524.0,758608
2016-07-25,2512.0,2558.95,2505.8,2563.2,844398
2016-07-26,2558.95,2552.6,2533.0,2568.0,1155645
2016-07-27,2555.0,2577.55,2545.0,2580.4,875255
2016-07-28,2580.5,2619.25,2577.05,2629.55,2316040
2016-07-29,2614.0,2619.3,2599.0,2634.9,1244042
2016-08-01,2632.0,2708.25,2632.0,2725.0,1980852
2016-08-02,2702.9,2699.2,2689.8,2715.7,1289081
2016-08-03,2686.0,2656.3,2649.05,2699.0,1147351
2016-08-04,2670.0,2652.0,2636.25,2682.95,707708
2016-08-05,2673.9,2649.1,2632.0,2684.3,934242
2016-08-08,2640.0,2649.5,2629.05,2668.0,1029122
2016-08-09,2658.0,2650.2,2578.85,2659.8,1130957
2016-08-10,2651.0,2675.4,2648.0,2682.0,1031039
2016-08-11,2665.55,2709.9,2665.55,2715.0,1116569
2016-08-12,2705.0,2738.45,2702.05,2744.8,1163679
2016-08-16,2738.0,2691.7,2673.85,2740.0,1591877
2016-08-17,2699.0,2624.55,2618.0,2699.0,924283
2016-08-18,2635.0,2638.55,2630.1,2657.55,646032
2016-08-19,2640.0,2603.5,2600.0,2646.45,1208122
2016-08-22,2588.0,2548.7,2536.3,2594.45,1132637
2016-08-23,2544.95,2601.05,2540.2,2604.95,751687
2016-08-24,2589.8,2572.05,2569.05,2602.0,558439
2016-08-25,2580.0,2551.05,2526.0,2589.7,969845
2016-08-26,2559.8,2524.95,2517.2,2572.55,625157
2016-08-29,2534.95,2500.55,2466.75,2534.95,744364
2016-08-30,2510.0,2544.15,2501.25,2549.8,722013
2016-08-31,2550.0,2511.3,2500.85,2550.0,1615834
2016-09-01,2524.9,2507.5,2487.05,2534.95,672868
2016-09-02,2512.0,2514.8,2496.05,2519.4,871165
2016-09-06,2519.9,2484.05,2480.0,2520.15,1119533
2016-09-07,2499.7,2440.55,2423.0,2499.7,1927020
2016-09-08,2360.0,2322.1,2284.75,2360.0,3510758
2016-09-09,2329.7,2352.45,2320.05,2366.65,1371219
2016-09-12,2337.0,2359.05,2324.0,2363.95,1012227
2016-09-14,2362.0,2328.45,2310.0,2377.6,1034929
2016-09-15,2339.95,2326.95,2316.75,2342.1,1409482
2016-09-16,2336.7,2361.7,2320.0,2376.0,2179002
2016-09-19,2365.0,2411.45,2350.0,2427.0,1401273
2016-09-20,2411.0,2406.5,2385.4,2416.9,592276
2016-09-21,2407.7,2413.4,2400.7,2424.0,839010
2016-09-22,2425.25,2378.0,2371.1,2428.0,1428787
2016-09-23,2382.0,2398.1,2371.15,2403.85,900363
2016-09-26,2401.1,2401.1,2395.0,2419.1,876738
2016-09-27,2401.1,2436.1,2401.1,2448.0,1019396
2016-09-28,2431.0,2423.05,2415.2,2437.5,865664
2016-09-29,2435.0,2437.8,2419.6,2456.5,1801979
2016-09-30,2437.05,2430.8,2423.1,2449.8,1087682
2016-10-03,2450.0,2411.7,2401.1,2457.65,909440
2016-10-04,2420.0,2405.15,2398.0,2425.05,890359
2016-10-05,2408.0,2386.35,2376.1,2415.4,588177
2016-10-06,2395.0,2388.75,2372.75,2402.4,1133786
2016-10-07,2388.0,2367.8,2358.2,2388.0,908256
2016-10-10,2369.9,2380.3,2355.05,2386.9,601071
2016-10-13,2363.3,2328.9,2320.9,2369.9,2586667
2016-10-14,2315.0,2366.2,2291.0,2387.0,3870607
2016-10-17,2368.9,2362.45,2344.4,2375.8,1364173
2016-10-18,2376.0,2400.2,2354.8,2415.7,1064316
2016-10-19,2401.0,2395.1,2370.3,2410.0,992529
2016-10-20,2396.9,2401.15,2386.0,2409.35,632927
2016-10-21,2400.0,2428.65,2398.25,2431.9,629830
2016-10-24,2428.2,2427.7,2402.55,2434.9,626595
2016-10-25,2405.0,2398.45,2381.0,2414.6,886233
2016-10-26,2398.6,2396.25,2372.5,2402.75,718565
2016-10-27,2379.7,2418.1,2365.5,2429.5,1470801
2016-10-28,2410.0,2398.7,2388.0,2415.1,876051
2016-10-30,2398.7,2391.05,2382.0,2408.95,42676
2016-11-01,2399.7,2350.0,2334.15,2399.7,1467388
2016-11-02,2341.0,2304.05,2295.0,2344.0,1162538
2016-11-03,2294.0,2319.45,2284.5,2335.0,731655
2016-11-04,2320.0,2330.55,2294.0,2336.15,591876
2016-11-07,2337.9,2277.05,2260.05,2344.9,1024026
2016-11-08,2280.45,2283.2,2260.0,2307.0,966817
2016-11-09,2180.0,2169.85,2142.85,2275.0,2250113
2016-11-10,2204.8,2155.45,2140.8,2217.5,1086213
2016-11-11,2147.05,2101.15,2086.2,2147.05,1199212
2016-11-15,2116.9,2121.3,2051.9,2157.55,3145162
2016-11-16,2145.1,2189.6,2138.0,2208.9,2009979
2016-11-17,2185.0,2137.2,2130.15,2208.6,1252344
2016-11-18,2142.0,2125.1,2104.2,2150.0,1070267
2016-11-21,2126.2,2132.9,2105.0,2140.0,896683
2016-11-22,2132.0,2135.0,2122.05,2177.45,659430
2016-11-23,2149.0,2156.35,2127.2,2162.95,637904
2016-11-24,2154.9,2188.45,2137.0,2207.6,1513117
2016-11-25,2212.0,2300.35,2192.2,2307.25,2138074
2016-11-28,2294.0,2282.6,2251.9,2319.45,962148
2016-11-29,2275.0,2259.85,2252.55,2292.0,721148
2016-11-30,2265.0,2276.05,2242.3,2294.75,1722916
2016-12-01,2277.0,2263.45,2254.05,2290.0,561526
2016-12-02,2258.0,2221.85,2205.2,2270.8,999016
2016-12-05,2229.0,2186.0,2170.0,2237.85,1124763
2016-12-06,2190.0,2182.35,2169.9,2203.95,796722
2016-12-07,2182.2,2154.55,2145.65,2184.45,1032853
2016-12-08,2160.5,2195.75,2160.0,2199.0,1619773
2016-12-09,2205.0,2195.25,2173.3,2219.9,794359
2016-12-12,2194.8,2208.2,2163.0,2217.6,655879
2016-12-13,2218.0,2200.3,2183.0,2218.0,1073767
2016-12-14,2214.0,2207.6,2189.0,2224.7,935183
2016-12-15,2202.0,2259.3,2202.0,2272.1,2147705
2016-12-16,2277.0,2282.65,2252.0,2290.0,993615
2016-12-19,2280.0,2288.9,2261.3,2297.7,667105
2016-12-20,2292.0,2339.3,2287.05,2345.0,1461380
2016-12-21,2343.8,2313.6,2305.6,2343.8,1017451
2016-12-22,2306.0,2307.7,2286.2,2325.0,934150
2016-12-23,2300.0,2288.1,2278.8,2317.75,559477
2016-12-26,2266.0,2293.1,2266.0,2301.6,448704
2016-12-27,2281.5,2323.4,2281.5,2330.0,647346
2016-12-28,2326.7,2313.4,2303.15,2349.9,675209
2016-12-29,2303.0,2351.7,2303.0,2359.9,981758
2016-12-30,2354.9,2365.55,2345.65,2378.6,702874
2015-01-01,11214.8,11215.7,11166.35,11235.75,4246150
2015-01-02,11214.65,11372.1,11214.65,11399.1,10004862
2015-01-05,11369.35,11248.55,11186.95,11433.75,8858018
2015-01-06,11186.1,10959.9,10909.0,11186.1,12515739
2015-01-07,11013.2,10916.0,10889.55,11042.35,10976356
2015-01-08,11031.15,11018.15,10915.05,11058.15,12975117
2015-01-09,11058.05,11399.65,10932.2,11484.9,24812224
2015-01-12,11456.0,11543.65,11378.8,11565.85,16505074
2015-01-13,11545.25,11502.8,11437.95,11546.6,12511358
2015-01-14,11561.95,11614.3,11521.0,11631.55,12544558
2015-01-15,11672.3,11669.85,11575.1,11774.5,13882213
2015-01-16,11708.85,11659.6,11582.85,11708.85,12368107
2015-01-19,11732.5,11642.75,11629.05,11797.6,13696381
2015-01-20,11681.8,11695.0,11635.7,11721.9,11021415
2015-01-21,11732.45,11813.7,11659.7,11838.3,18679282
2015-01-22,11832.55,11850.85,11782.95,11884.5,15715515
2015-01-23,11877.9,11885.15,11767.4,11921.0,30034833
2015-01-27,11915.6,11693.45,11679.55,11917.25,17005337
2015-01-28,11712.55,11809.55,11693.8,11821.8,16876897
2015-01-29,11812.35,11824.15,11728.75,11861.5,15520902
2015-01-30,11998.35,11824.75,11799.35,12003.35,18559078
2015-02-02,11871.35,11943.95,11847.8,11972.6,17272113
2015-02-03,11963.75,11963.9,11849.0,12000.65,21053605
2015-02-04,12027.1,11938.9,11902.35,12027.1,14453955
2015-02-05,11967.75,12165.15,11963.8,12295.35,15826989
2015-02-06,12190.7,12267.95,12186.95,12380.45,11167848
2015-02-09,12160.9,12249.3,12160.9,12285.45,10996415
2015-02-10,12215.2,12162.85,12129.65,12297.75,17687306
2015-02-11,12198.45,12243.4,12149.35,12265.7,12905131
2015-02-12,12277.2,12372.0,12253.05,12397.0,16012381
2015-02-13,12369.6,12464.95,12353.25,12506.7,12674963
2015-02-16,12461.75,12487.2,12457.65,12541.05,14443816
2015-02-18,12511.05,12632.75,12442.7,12647.7,20825161
2015-02-19,12629.05,12723.8,12628.75,12737.1,15057455
2015-02-20,12750.0,12571.95,12550.75,12750.0,11383919
2015-02-23,12607.35,12531.3,12475.9,12709.9,19847310
2015-02-24,12572.25,12566.2,12514.65,12644.1,14110110
2015-02-25,12621.55,12633.35,12600.05,12719.9,13377354
2015-02-26,12623.8,12458.5,12429.5,12633.15,23693036
2015-02-27,12511.25,12554.95,12434.65,12578.1,39838312
2015-02-28,12612.05,12659.8,12493.95,12700.05,29800058
2015-03-02,12700.6,12663.7,12586.15,12719.05,15906080
2015-03-03,12687.25,12855.9,12635.5,12871.15,20847787
2015-03-04,12885.75,12730.6,12630.55,12908.1,15783902
2015-03-05,12719.1,12665.5,12615.45,12832.3,12712799
2015-03-09,12599.8,12422.25,12372.45,12599.8,15075030
2015-03-10,12404.35,12405.05,12307.1,12462.8,15020359
2015-03-11,12414.7,12352.35,12298.5,12585.55,18633646
2015-03-12,12377.2,12423.65,12329.25,12442.4,12590586
2015-03-13,12478.55,12312.15,12248.45,12478.55,17452417
2015-03-16,12308.95,12419.05,12297.2,12477.45,14394029
2015-03-17,12459.6,12383.15,12300.85,12498.85,15605123
2015-03-18,12434.25,12276.1,12256.55,12448.45,18361292
2015-03-19,12298.25,12275.2,12253.1,12356.65,22006335
2015-03-20,12306.6,12363.5,12274.35,12392.85,22332970
2015-03-23,12364.3,12244.45,12217.75,12443.25,15526314
2015-03-24,12266.2,12180.0,12154.45,12345.05,18635698
2015-03-25,12214.55,12225.6,12135.5,12256.4,20385357
2015-03-26,12168.3,11902.1,11865.85,12204.45,24114701
2015-03-27,11978.05,11968.5,11926.95,12146.9,25148358
2015-03-30,12010.65,12100.85,11971.4,12127.6,19114043
2015-03-31,12159.05,12083.0,12005.2,12206.8,20925080
2015-04-01,11997.45,11952.2,11880.15,12008.55,22785639
2015-04-06,11970.2,11969.25,11872.65,11997.3,22313207
2015-04-07,11999.25,11989.35,11881.5,12062.25,18185399
2015-04-08,12072.2,12214.3,12060.25,12249.1,22589842
2015-04-09,12296.75,12279.4,12171.15,12323.7,16386979
2015-04-10,12249.05,12294.75,12244.2,12335.75,16529907
2015-04-13,12329.1,12333.8,12222.9,12349.45,16440526
2015-04-15,12335.15,12154.55,12121.55,12369.4,20643272
2015-04-16,12187.55,12059.0,11947.05,12198.05,29861650
2015-04-17,11972.35,11803.05,11758.75,11972.35,25776375
2015-04-20,11805.5,11562.2,11538.85,11815.7,19374740
2015-04-21,11472.6,11558.4,11415.0,11602.8,28704508
2015-04-22,11552.5,11492.0,11345.1,11552.5,29316560
2015-04-23,11571.05,11451.55,11410.4,11572.05,22676328
2015-04-24,11474.4,11132.25,11077.3,11523.0,33250761
2015-04-27,11166.4,11097.9,10941.75,11170.5,25778777
2015-04-28,11097.2,11052.95,10979.2,11097.2,21748906
2015-04-29,11039.0,11094.4,10954.0,11150.55,21642220
2015-04-30,11056.5,11001.05,10916.65,11056.5,44619697
2015-05-04,11087.5,11191.45,11044.25,11217.2,24105159
2015-05-05,11252.3,11170.25,11115.5,11264.35,23245719
2015-05-06,11186.35,10938.85,10921.75,11191.7,21427168
2015-05-07,10934.8,11127.75,10900.9,11172.15,20232917
2015-05-08,11209.15,11172.05,11134.2,11268.6,14833619
2015-05-11,11225.15,11324.55,11184.65,11351.05,16210415
2015-05-12,11337.7,11118.45,11101.25,11337.7,15553985
2015-05-13,11168.7,11170.5,11040.55,11225.55,15567676
2015-05-14,11185.6,11093.6,11021.85,11185.6,11405303
2015-05-15,11109.7,11171.9,11099.2,11208.2,13739827
2015-05-18,11200.4,11279.45,11147.15,11294.45,15340671
2015-05-19,11264.8,11372.2,11260.2,11425.15,18508134
2015-05-20,11438.7,11571.7,11438.7,11583.05,16636054
2015-05-21,11589.0,11618.6,11572.6,11638.1,14274561
2015-05-22,11584.7,11728.4,11562.5,11745.75,15469572
2015-05-25,11740.75,11623.35,11602.1,11784.35,12204690
2015-05-26,11608.75,11581.9,11562.05,11649.7,11485852
2015-05-27,11481.45,11367.5,11338.05,11481.45,34196705
2015-05-28,11368.0,11450.85,11321.65,11483.75,25687562
2015-05-29,11443.1,11575.05,11411.15,11647.05,21994515
2015-06-01,11561.9,11525.65,11496.05,11629.55,6488920
2015-06-02,11523.85,11347.9,11326.7,11563.95,8320203
2015-06-03,11383.1,11361.1,11299.75,11421.55,10771997
2015-06-04,11375.85,11379.2,11331.85,11455.9,10994711
2015-06-05,11376.45,11291.55,11282.3,11444.0,9222361
2015-06-08,11302.75,11238.6,11196.5,11303.6,7174359
2015-06-09,11235.3,11142.95,11114.3,11254.45,9772047
2015-06-10,11145.4,11401.7,11136.4,11423.75,10375358
2015-06-11,11420.0,11227.15,11213.4,11444.75,9863136
2015-06-12,11222.8,11049.35,10930.45,11267.0,10397130
2015-06-15,11022.7,11093.85,10933.4,11170.05,7860544
2015-06-16,11111.8,11119.2,11046.0,11135.25,7153751
2015-06-17,11181.9,11143.5,11114.35,11221.15,9431119
2015-06-18,11191.75,11215.35,11164.1,11259.15,9612244
2015-06-19,11260.9,11243.65,11222.25,11353.25,14338486
2015-06-22,11266.9,11429.8,11260.95,11446.8,8220207
2015-06-23,11473.0,11341.15,11327.2,11479.6,7753653
2015-06-24,11400.35,11353.75,11324.35,11409.75,11817301
2015-06-25,11332.45,11210.4,11188.55,11332.7,14616477
2015-06-26,11238.8,11362.55,11238.8,11388.45,9837711
2015-06-29,11181.25,11133.65,10998.2,11230.2,17798757
2015-06-30,11101.6,11037.4,11016.75,11144.2,20432617
2015-07-01,11053.65,11213.6,11053.65,11239.75,11203755
2015-07-02,11246.5,11187.25,11161.3,11247.5,7915388
2015-07-03,11162.9,11198.65,11135.0,11214.65,6793457
2015-07-06,11079.2,11209.6,11072.55,11239.0,7684659
2015-07-07,11216.55,11143.85,11126.2,11264.55,8057280
2015-07-08,11079.95,11021.8,10980.05,11143.9,10958051
2015-07-09,11043.65,10828.7,10808.35,11065.4,11055212
2015-07-10,10950.25,10798.25,10759.85,10950.25,12483008
2015-07-13,10840.65,10998.85,10840.65,11011.65,9446174
2015-07-14,11024.4,11043.85,10945.05,11067.55,7884734
2015-07-15,11050.5,11150.25,11050.5,11165.5,8269479
2015-07-16,11191.15,11191.6,11123.15,11218.75,8500008
2015-07-17,11239.7,11269.2,11227.4,11306.4,10570702
2015-07-20,11270.4,11266.95,11197.85,11307.9,8618661
2015-07-21,11366.6,11655.45,11366.6,11798.2,27720978
2015-07-22,11647.5,11643.75,11509.15,11687.2,11766775
2015-07-23,11640.65,11558.7,11537.7,11719.05,11732414
2015-07-24,11568.85,11464.15,11452.25,11588.9,9525365
2015-07-27,11437.55,11362.45,11342.5,11438.0,12162185
2015-07-28,11378.8,11306.25,11283.7,11432.45,15300982
2015-07-29,11369.45,11470.7,11330.65,11494.85,10386211
2015-07-30,11530.3,11394.55,11365.05,11539.45,17524742
2015-07-31,11434.9,11594.15,11434.9,11622.2,10516985
2015-08-03,11490.6,11466.4,11441.5,11572.6,10341354
2015-08-04,11480.7,11415.55,11379.15,11489.15,11885605
2015-08-05,11470.2,11618.0,11460.0,11632.2,8826022
2015-08-06,11698.9,11616.5,11576.25,11739.1,9179852
2015-08-07,11604.45,11597.05,11580.35,11663.6,7127683
2015-08-10,11623.1,11573.9,11500.4,11696.85,5893113
2015-08-11,11637.25,11711.15,11605.9,11740.85,9042485
2015-08-12,11731.7,12006.8,11731.7,12026.05,14684514
2015-08-13,12029.5,11956.1,11916.3,12092.05,11503549
2015-08-14,11968.3,12048.45,11961.1,12129.0,8163202
2015-08-17,12057.65,12001.75,11920.25,12058.05,5813559
2015-08-18,12068.35,12159.4,12060.15,12250.1,8733323
2015-08-19,12215.55,12249.1,12165.4,12314.4,9509622
2015-08-20,12269.5,11985.25,11969.3,12269.5,11525076
2015-08-21,12009.8,12032.3,11825.05,12102.8,13519573
2015-08-24,11750.45,11455.15,11393.0,11797.95,18489060
2015-08-25,11524.85,11376.75,11140.8,11615.5,18912332
2015-08-26,11395.5,11284.1,11172.2,11548.85,15743530
2015-08-27,11438.7,11396.9,11351.05,11476.8,19464261
2015-08-28,11545.3,11588.25,11534.85,11645.05,10260637
2015-08-31,11691.65,11605.7,11537.65,11691.65,14353599
2015-09-01,11563.55,11476.45,11391.7,11712.5,10913875
2015-09-02,11563.95,11604.7,11510.9,11752.1,13877743
2015-09-03,11679.5,11672.85,11565.1,11722.8,10152727
2015-09-04,11689.8,11413.6,11392.95,11695.8,10137864
2015-09-07,11445.35,11318.3,11264.7,11451.1,7491038
2015-09-08,11331.65,11390.1,11279.2,11452.95,7477071
2015-09-09,11554.45,11504.9,11446.35,11604.15,9610428
2015-09-10,11439.45,11396.95,11292.2,11468.95,10971745
2015-09-11,11445.65,11432.25,11381.35,11519.75,9739475
2015-09-14,11482.4,11520.3,11405.35,11527.75,11970821
2015-09-15,11524.4,11536.35,11475.25,11545.3,8281022
2015-09-16,11614.7,11606.65,11563.75,11659.0,9333693
2015-09-18,11694.95,11726.7,11666.85,11801.9,14942207
2015-09-21,11659.85,11724.05,11643.25,11752.85,7953850
2015-09-22,11790.5,11705.55,11615.7,11941.8,13419167
2015-09-23,11659.9,11694.0,11586.9,11753.6,7367175
2015-09-24,11710.75,11954.1,11677.7,11971.65,14445662
2015-09-28,11989.3,11841.05,11819.2,12008.0,10087911
2015-09-29,11768.65,11863.95,11749.25,11963.2,11648411
2015-09-30,12010.75,12032.1,11904.05,12055.8,13509491
2015-10-01,11877.85,11867.85,11769.5,11998.7,26288267
2015-10-05,11867.45,12002.1,11867.45,12057.1,16800233
2015-10-06,12057.45,11889.9,11865.25,12077.95,13524583
2015-10-07,11878.35,11683.45,11660.7,11904.5,15333772
2015-10-08,11753.85,11669.7,11625.65,11802.15,17897751
2015-10-09,11734.3,11807.55,11676.15,11827.5,15125896
2015-10-12,11972.1,11630.65,11571.75,12019.05,21238152
2015-10-13,11595.85,11522.6,11452.3,11603.9,16373500
2015-10-14,11435.3,11362.9,11347.65,11479.4,12980966
2015-10-15,11407.55,11338.35,11310.45,11411.4,11632842
2015-10-16,11392.55,11337.8,11301.1,11402.5,10989166
2015-10-19,11360.4,11432.15,11305.85,11469.2,13238516
2015-10-20,11465.05,11529.6,11436.65,11539.25,11787811
2015-10-21,11552.6,11549.05,11501.05,11583.45,9019619
2015-10-23,11588.0,11552.0,11494.15,11588.2,9686270
2015-10-26,11597.9,11576.35,11537.1,11612.7,7032459
2015-10-27,11570.3,11583.55,11533.05,11601.25,9938684
2015-10-28,11546.05,11643.3,11537.3,11664.95,9103066
2015-10-29,11644.05,11548.15,11523.95,11644.05,15019766
2015-10-30,11549.75,11486.9,11467.9,11559.35,9332157
2015-11-02,11497.95,11546.25,11428.1,11560.6,8710084
2015-11-03,11576.0,11618.4,11565.0,11627.85,7567658
2015-11-04,11680.15,11551.6,11535.95,11688.65,9660090
2015-11-05,11573.1,11414.45,11397.5,11573.1,6980714
2015-11-06,11424.2,11485.45,11422.95,11515.65,6480847
2015-11-09,11364.55,11412.15,11320.95,11427.95,10126396
2015-11-10,11385.7,11214.2,11191.9,11387.85,6966686
2015-11-11,11305.2,11249.7,11230.4,11312.3,795240
2015-11-13,11110.75,11102.45,11027.1,11176.75,6927725
2015-11-16,11011.5,11003.8,10911.1,11061.6,8864946
2015-11-17,11032.45,11035.1,10974.55,11052.4,10917373
2015-11-18,10967.75,10836.7,10799.0,10969.5,10167296
2015-11-19,10910.5,11032.9,10893.75,11059.85,9850813
2015-11-20,11045.65,11118.85,11036.9,11195.75,10781657
2015-11-23,11126.25,11121.2,11084.35,11189.5,8727231
2015-11-24,11096.4,11057.35,11036.05,11122.05,7784549
2015-11-26,11048.4,11042.95,11013.9,11129.25,15045631
2015-11-27,11064.6,11122.9,11031.45,11136.4,7402279
2015-11-30,11147.85,11206.0,11083.6,11279.65,21067524
2015-12-01,11216.95,11256.3,11216.95,11293.2,9112940
2015-12-02,11298.9,11149.6,11134.9,11298.9,7524996
2015-12-03,11149.3,11081.9,11067.55,11153.7,9384540
2015-12-04,11034.65,10969.05,10940.3,11037.95,10062731
2015-12-07,11009.5,10998.65,10943.85,11054.0,8477753
2015-12-08,10989.2,10981.85,10946.0,11109.3,8486760
2015-12-09,10978.25,10930.05,10916.25,11027.3,11006038
2015-12-10,10971.55,11055.5,10931.15,11073.15,7908231
2015-12-11,11086.55,11043.05,11015.6,11086.55,8502528
2015-12-14,10940.75,11099.7,10940.75,11124.9,7044052
2015-12-15,11139.55,11058.25,11044.35,11139.55,9065922
2015-12-16,11081.75,11144.9,11081.75,11187.85,8751937
2015-12-17,11182.95,11275.15,11122.45,11293.05,9556916
2015-12-18,11227.15,11122.5,11094.8,11227.15,11781399
2015-12-21,11096.4,11224.75,11067.2,11232.5,6043899
2015-12-22,11201.8,11095.45,11081.15,11201.8,5998230
2015-12-23,11163.8,11195.65,11130.65,11206.4,4638075
2015-12-24,11193.25,11184.9,11152.85,11197.5,2927864
2015-12-28,11152.7,11271.8,11146.85,11303.05,8055590
2015-12-29,11257.05,11253.45,11206.6,11287.5,6024174
2015-12-30,11247.35,11117.6,11100.1,11263.6,6564991
2015-12-31,11113.0,11212.55,11113.0,11233.85,8197040
2016-01-01,11210.25,11174.85,11137.85,11221.6,3126850
2016-01-04,11144.0,11029.25,11004.65,11160.95,7875357
2016-01-05,11082.6,10997.15,10945.2,11084.6,7909892
2016-01-06,11027.55,11018.15,10979.45,11037.4,8585557
2016-01-07,10947.75,10863.2,10822.7,10964.65,10454519
2016-01-08,10933.3,10989.55,10896.45,11007.5,7287266
2016-01-11,10898.8,10823.9,10797.7,10917.45,9742884
2016-01-12,10850.25,10790.35,10659.25,10850.25,9984443
2016-01-13,10807.85,10839.85,10646.55,10860.4,11133904
2016-01-14,10730.65,10980.45,10685.35,11068.9,23469653
2016-01-15,11050.65,10994.95,10949.95,11057.7,14012251
2016-01-18,10954.2,10984.0,10954.2,11084.4,11716225
2016-01-19,11052.4,10963.1,10873.6,11064.8,12176980
2016-01-20,10897.8,10910.5,10855.2,10945.4,10426978
2016-01-21,10957.95,10934.7,10893.35,10994.9,10558161
2016-01-22,11020.6,11006.7,10961.35,11030.65,7367656
2016-01-25,11047.0,11025.35,11000.25,11113.8,6649189
2016-01-27,11052.55,11029.1,10992.45,11061.8,10815699
2016-01-28,11010.1,11002.7,10984.25,11073.75,13918783
2016-01-29,11061.85,11236.15,11024.95,11266.75,17438592
2016-02-01,11271.15,11305.25,11234.8,11409.1,16768205
2016-02-02,11325.75,11242.1,11182.5,11377.95,19286309
2016-02-03,11179.75,11122.25,11065.8,11218.45,12152041
2016-02-04,11178.25,11213.65,11148.15,11289.8,10379772
2016-02-05,11222.2,11227.55,11188.45,11285.1,8207885
2016-02-08,11160.85,11001.45,10962.8,11190.35,7344448
2016-02-09,10866.2,10614.25,10590.1,10866.2,14971950
2016-02-10,10614.3,10600.45,10570.65,10693.9,13147364
2016-02-11,10615.35,10312.95,10279.7,10615.35,12495553
2016-02-12,10404.6,10324.45,10157.1,10462.9,17610027
2016-02-15,10446.25,10493.75,10437.0,10544.45,12549138
2016-02-16,10487.4,10418.65,10393.6,10511.4,8993279
2016-02-17,10429.35,10502.45,10325.25,10518.25,17356929
2016-02-18,10554.55,10702.25,10554.45,10723.4,16150256
2016-02-19,10670.75,10768.9,10649.75,10791.05,10428901
2016-02-22,10778.8,10720.6,10691.35,10778.8,9168828
2016-02-23,10721.4,10601.45,10575.15,10729.6,8340937
2016-02-24,10581.0,10468.05,10446.4,10586.05,8531990
2016-02-25,10469.85,10403.5,10329.2,10484.95,10694119
2016-02-26,10488.45,10463.35,10419.0,10567.95,9415436
2016-02-29,10504.4,10278.4,10075.75,10504.4,12161703
2016-03-01,10337.95,10637.35,10313.5,10657.1,10385527
2016-03-02,10740.45,10897.1,10642.05,10920.9,12342461
2016-03-03,10982.0,11054.95,10950.85,11089.45,20107981
2016-03-04,11086.1,10980.85,10930.95,11088.1,23086012
2016-03-08,10928.4,10914.2,10832.25,10977.3,22893639
2016-03-09,10815.05,10925.8,10733.2,10947.7,34104849
2016-03-10,10923.75,10826.9,10783.05,10924.8,30038742
2016-03-11,10825.9,10835.45,10805.75,10898.7,14674310
2016-03-14,10854.2,10866.85,10836.95,10935.65,14231291
2016-03-15,10867.65,10730.45,10709.0,10900.25,11141197
2016-03-16,10733.7,10803.2,10698.7,10819.35,10671044
2016-03-17,10854.0,10923.5,10854.0,10961.65,14035701
2016-03-18,10938.05,11159.7,10938.05,11177.25,17103977
2016-03-21,11158.95,11193.85,11093.6,11221.8,10929640
2016-03-22,11171.9,11206.6,11118.5,11229.25,19527945
2016-03-23,11219.7,11228.15,11125.1,11246.0,17617607
2016-03-28,11328.15,11168.7,11112.85,11384.9,20401896
2016-03-29,11172.8,11114.7,11089.0,11188.65,14642638
2016-03-30,11127.5,11254.55,11127.5,11271.7,14607256
2016-03-31,11240.6,11309.3,11216.45,11387.9,28703814
2016-04-01,11306.35,11194.65,11128.05,11352.05,13591384
2016-04-04,11224.9,11387.7,11224.9,11407.45,10746882
2016-04-05,11386.55,11274.95,11245.5,11399.05,9810804
2016-04-06,11325.1,11224.95,11165.25,11325.1,9646638
2016-04-07,11264.6,11102.6,11087.2,11264.6,8675441
2016-04-08,11082.25,11061.15,11028.15,11085.65,9261058
2016-04-11,11066.25,11291.35,10975.15,11304.65,13319300
2016-04-12,11284.0,11304.45,11243.75,11332.85,11757296
2016-04-13,11412.1,11351.85,11330.5,11430.95,14301422
2016-04-18,11493.5,11597.25,11485.15,11638.1,27146780
2016-04-20,11697.4,11552.75,11506.15,11697.4,17857029
2016-04-21,11500.45,11355.4,11329.9,11514.5,13926801
2016-04-22,11326.55,11304.05,11292.4,11376.05,10321425
2016-04-25,11288.7,11315.45,11267.1,11380.55,8852971
2016-04-26,11292.35,11417.35,11251.35,11444.35,10029117
2016-04-27,11398.9,11453.0,11398.9,11507.75,8807962
2016-04-28,11350.15,11287.15,11265.7,11428.65,26615952
2016-04-29,11269.1,11196.25,11140.55,11279.25,17856349
2016-05-02,11181.15,11117.7,11075.95,11181.15,8245605
2016-05-03,11129.9,10925.7,10909.95,11167.9,12701121
2016-05-04,10913.75,10948.6,10858.8,10969.6,13630944
2016-05-05,10966.75,10973.85,10909.6,11024.15,11557528
2016-05-06,10960.1,10887.0,10846.65,10960.1,9008153
2016-05-09,10900.1,10991.5,10884.05,11006.5,10704177
2016-05-10,11010.25,11034.4,10948.75,11065.7,11025224
2016-05-11,10926.85,10960.4,10900.4,11030.3,11881912
2016-05-12,10967.35,11081.1,10955.6,11089.8,8100065
2016-05-13,11081.3,11030.7,10986.2,11081.3,10936677
2016-05-16,11063.1,11087.75,11030.05,11134.3,8453249
2016-05-17,11126.75,11125.1,11101.25,11197.35,9819119
2016-05-18,11073.55,11120.05,11038.25,11141.5,9019440
2016-05-19,11124.8,11094.6,11067.2,11136.7,7759823
2016-05-20,11067.0,11036.15,11025.7,11149.15,10263214
2016-05-23,11080.4,10939.9,10917.15,11080.4,13950324
2016-05-24,10946.5,10924.8,10868.15,10946.5,14221089
2016-05-25,11019.05,11215.5,11019.05,11223.4,20906137
2016-05-26,11231.85,11337.15,11178.25,11366.05,15792493
2016-05-27,11325.7,11420.85,11325.7,11462.05,11321580
2016-05-30,11433.95,11547.5,11433.95,11579.25,10232578
2016-05-31,11554.65,11395.85,11374.85,11559.45,32132052
2016-06-01,11405.5,11494.9,11405.5,11516.0,10787515
2016-06-02,11447.05,11458.2,11399.45,11586.2,13948173
2016-06-03,11482.05,11462.0,11450.25,11527.0,8743264
2016-06-06,11443.5,11395.8,11382.75,11469.15,10312241
2016-06-07,11434.6,11413.35,11384.45,11461.25,11928792
2016-06-08,11427.15,11404.5,11380.9,11427.15,10442067
2016-06-09,11413.3,11264.85,11215.95,11413.3,14935866
2016-06-10,11226.45,11229.05,11210.6,11320.4,12821894
2016-06-13,11164.15,11191.55,11111.7,11214.2,8343619
2016-06-14,11210.65,11169.45,11110.75,11222.35,6907602
2016-06-15,11195.95,11282.05,11172.6,11293.15,6976940
2016-06-16,11249.7,11244.25,11128.95,11263.5,7378522
2016-06-17,11258.65,11290.8,11242.55,11304.8,12449933
2016-06-20,11272.95,11506.6,11256.65,11518.7,12629155
2016-06-21,11515.25,11488.45,11453.2,11519.9,8232500
2016-06-22,11509.05,11490.8,11421.55,11524.3,7632195
2016-06-23,11469.35,11487.05,11396.75,11526.4,6471630
2016-06-24,11193.25,11203.15,11043.1,11218.3,14923291
2016-06-27,11069.9,11008.05,10976.8,11094.8,9687213
2016-06-28,10978.6,10884.65,10874.6,11031.5,13377522
2016-06-29,10943.3,11057.4,10900.95,11072.3,10849342
2016-06-30,11109.7,11120.15,11052.25,11156.4,15207257
2016-07-01,11172.65,11098.4,11078.45,11178.05,6452096
2016-07-04,11142.25,11184.85,11142.25,11242.3,8314465
2016-07-05,11176.2,11141.0,11110.6,11176.2,6851493
2016-07-07,11136.3,10942.0,10929.4,11138.45,11522480
2016-07-08,10947.95,10946.7,10896.9,10982.95,7468140
2016-07-11,10993.85,11045.95,10992.55,11073.4,9190711
2016-07-12,11064.4,11056.8,10997.3,11072.3,8392487
2016-07-13,11094.2,11128.2,11042.95,11139.0,10579802
2016-07-14,11117.35,11157.85,11090.8,11174.6,8660653
2016-07-15,11197.85,10716.45,10691.7,11219.05,45101876
2016-07-18,10734.5,10735.1,10659.8,10767.85,15727643
2016-07-19,10694.95,10766.3,10694.0,10777.6,17825899
2016-07-20,10600.75,10764.7,10600.75,10775.8,21106183
2016-07-21,10749.75,10772.25,10719.8,10789.25,10356504
2016-07-22,10745.55,10756.0,10711.5,10775.2,10295518
2016-07-25,10734.1,10870.9,10731.2,10880.4,10178345
2016-07-26,10839.5,10877.65,10836.8,10901.1,12775441
2016-07-27,10875.45,10928.45,10849.3,10952.65,9688082
2016-07-28,10923.1,10935.65,10881.3,10952.7,16448508
2016-07-29,10916.9,10913.3,10871.95,10952.75,10417913
2016-08-01,10917.7,11139.05,10913.5,11149.55,16985063
2016-08-02,11129.45,11179.0,11112.45,11231.95,17569285
2016-08-03,11307.05,11181.4,11143.1,11307.05,20039262
2016-08-04,11226.45,11148.45,11128.65,11229.05,8136329
2016-08-05,11177.35,11137.05,11091.8,11226.5,10253491
2016-08-08,11136.1,11197.2,11122.15,11205.0,11939491
2016-08-09,11207.7,11198.0,11128.95,11214.95,11050924
2016-08-10,11184.25,11175.9,11152.1,11202.2,11234996
2016-08-11,11173.3,11222.2,11170.6,11254.2,9725914
2016-08-12,11218.7,11173.4,11153.45,11302.4,12677589
2016-08-16,11121.95,10993.55,10955.65,11136.05,20601765
2016-08-17,10992.95,10808.75,10790.6,10993.95,18045681
2016-08-18,10855.55,10783.5,10765.95,10887.75,12057371
2016-08-19,10807.3,10727.6,10721.9,10873.15,12486590
2016-08-22,10704.65,10593.2,10568.45,10728.8,11859697
2016-08-23,10610.4,10767.1,10599.55,10790.85,10969968
2016-08-24,10792.95,10786.35,10753.25,10845.7,9244092
2016-08-25,10824.75,10665.65,10649.7,10826.15,18239899
2016-08-26,10680.3,10523.05,10495.2,10717.65,13551428
2016-08-29,10548.95,10385.35,10329.45,10548.95,13822195
2016-08-30,10422.65,10572.3,10411.75,10585.1,12600693
2016-08-31,10593.75,10546.1,10496.3,10654.2,16159602
2016-09-01,10570.1,10533.25,10499.6,10583.3,8952600
2016-09-02,10549.35,10528.35,10482.7,10555.7,8173693
2016-09-06,10524.05,10545.3,10505.6,10558.35,15984697
2016-09-07,10605.85,10499.9,10468.75,10643.5,15598656
2016-09-08,10349.75,10240.5,10159.7,10349.75,19920113
2016-09-09,10253.75,10291.9,10217.1,10356.05,11730346
2016-09-12,10194.65,10374.95,10182.25,10413.3,12401851
2016-09-14,10400.3,10302.85,10291.35,10440.15,11040797
2016-09-15,10340.25,10289.5,10255.55,10341.2,9601439
2016-09-16,10347.5,10399.25,10285.8,10439.1,16541994
2016-09-19,10386.2,10463.4,10353.65,10531.6,12370671
2016-09-20,10469.2,10426.7,10387.25,10469.2,9119056
2016-09-21,10450.45,10456.5,10425.9,10485.85,10100721
2016-09-22,10508.2,10397.15,10376.05,10511.65,9854317
2016-09-23,10426.1,10391.05,10376.8,10446.9,12173246
2016-09-26,10382.0,10330.0,10314.6,10390.15,10774105
2016-09-27,10324.7,10397.0,10322.5,10425.5,12270567
2016-09-28,10402.2,10360.45,10335.65,10418.75,9865164
2016-09-29,10410.65,10257.8,10228.05,10412.6,21656504
2016-09-30,10300.35,10292.3,10279.85,10336.8,14445499
2016-10-03,10331.15,10309.85,10239.95,10340.3,9457289
2016-10-04,10347.1,10394.3,10328.55,10403.25,11593100
2016-10-05,10405.65,10333.35,10287.4,10418.7,8507322
2016-10-06,10353.9,10242.45,10229.9,10354.6,10270123
2016-10-07,10253.05,10184.25,10146.0,10254.05,9585050
2016-10-10,10193.05,10270.95,10160.45,10285.15,7733808
2016-10-13,10218.5,10243.75,10196.95,10296.8,18099251
2016-10-14,10239.2,10228.65,10116.7,10442.0,33012040
2016-10-17,10268.65,10158.75,10140.55,10270.25,13343414
2016-10-18,10202.55,10377.15,10191.65,10397.15,18378306
2016-10-19,10397.3,10411.1,10338.15,10433.75,16981044
2016-10-20,10431.5,10372.95,10357.5,10464.2,14202020
2016-10-21,10408.65,10477.1,10376.95,10483.45,17804005
2016-10-24,10445.35,10327.65,10317.4,10448.0,14554645
2016-10-25,10322.7,10261.4,10254.05,10331.85,14983936
2016-10-26,10253.4,10157.35,10128.6,10254.55,11263723
2016-10-27,10130.8,10052.85,10027.25,10130.8,18671691
2016-10-28,10088.05,10048.4,10032.5,10119.25,24655817
2016-10-30,10086.6,10082.7,10073.85,10111.45,1431970
2016-11-01,10109.2,9990.6,9969.8,10109.2,13418188
2016-11-02,9903.8,9871.25,9861.15,9933.55,12161987
2016-11-03,9868.35,9809.75,9793.85,9886.65,10977148
2016-11-04,9813.45,9924.05,9736.75,9940.1,18414597
2016-11-07,9997.1,9970.0,9920.95,10034.15,16797953
2016-11-08,9996.2,10008.4,9891.0,10045.5,14174311
2016-11-09,9467.65,9683.25,9320.95,9826.35,21456312
2016-11-10,9803.2,9654.75,9636.15,9813.15,13296041
2016-11-11,9615.85,9434.6,9391.55,9633.3,13296849
2016-11-15,9478.5,9487.0,9295.25,9565.85,27234569
2016-11-16,9559.15,9641.0,9543.2,9724.7,23586542
2016-11-17,9608.95,9496.2,9476.1,9678.75,12929942
2016-11-18,9497.8,9476.45,9419.6,9560.9,10571616
2016-11-21,9500.0,9453.75,9430.4,9553.7,12187155
2016-11-22,9492.35,9509.45,9471.2,9566.7,10320661
2016-11-23,9559.1,9549.85,9484.45,9571.55,11234249
2016-11-24,9561.4,9656.25,9518.9,9726.5,18981651
2016-11-25,9709.15,10114.9,9696.65,10140.65,21789062
2016-11-28,10126.7,10106.2,10001.5,10171.8,12490536
2016-11-29,10099.65,10059.6,10043.2,10149.8,9368688
2016-11-30,10086.55,10087.65,10011.45,10139.95,14229629
2016-12-01,10090.0,10049.75,10002.4,10108.8,9518941
2016-12-02,10018.15,9922.75,9898.9,10061.2,9513403
2016-12-05,9908.3,9836.0,9778.95,9946.9,8242545
2016-12-06,9850.9,9834.95,9808.35,9946.75,7018872
2016-12-07,9865.65,9777.9,9764.2,9871.7,8046891
2016-12-08,9819.9,9935.9,9819.65,9947.4,9564747
2016-12-09,9961.95,9997.5,9925.85,10059.95,12004522
2016-12-12,9960.3,9953.9,9846.2,9971.25,8348374
2016-12-13,9983.7,10058.65,9929.85,10082.15,10363616
2016-12-14,10091.55,10128.95,10044.15,10150.95,11850616
2016-12-15,10099.05,10195.75,10091.6,10299.8,16986840
2016-12-16,10265.65,10222.95,10188.25,10268.7,10931162
2016-12-19,10213.45,10223.65,10153.8,10234.05,7460302
2016-12-20,10239.85,10322.85,10224.45,10352.65,11510080
2016-12-21,10357.3,10228.25,10207.25,10357.3,9569302
2016-12-22,10210.25,10163.0,10084.25,10251.2,9432930
2016-12-23,10162.4,10071.05,10048.85,10187.25,9770830
2016-12-26,10028.9,10023.3,9979.6,10065.75,5510950
2016-12-27,9997.0,10170.7,9994.95,10188.65,7812402
2016-12-28,10203.85,10198.6,10177.4,10301.1,10320156
2016-12-29,10194.15,10291.85,10183.4,10314.35,13889741
2016-12-30,10325.35,10399.25,10304.65,10416.6,9966961
